Woche,Geschäftsnr,Betreff,Ergebnis,Konfidenz,PDF
23.09.2026,GG260027,Qualifizierte Erpressung etc. (Untersuchungsnr. …),,0.0,https://www.gerichte-zh.ch/fileadmin/user_upload/entscheide/oeffentlich/GG260027-G2.pdf
23.09.2026,EM260479,Erbbescheinigung,,0.0,https://www.gerichte-zh.ch/fileadmin/user_upload/entscheide/oeffentlich/EM260479-G2.pdf
23.09.2026,HE250120,Einsicht gemäss Art. 958e OR,,0.0,https://www.gerichte-zh.ch/fileadmin/user_upload/entscheide/oeffentlich/HE250120-O2.pdf
23.09.2026,CG250024,Forderung,,0.0,https://www.gerichte-zh.ch/fileadmin/user_upload/entscheide/oeffentlich/CG250024-K5.pdf
23.09.2026,RT250267,Rechtsöffnung Beschwerde gegen ein Urteil des Einzelgerichts am Bezirksgericht M,,0.0,https://www.gerichte-zh.ch/fileadmin/user_upload/entscheide/oeffentlich/RT250267-O3.pdf
23.09.2026,SB250411,Fahren ohne Berechtigung etc. und Widerruf Berufung gegen ein Urteil des Bezirks,,0.0,https://www.gerichte-zh.ch/fileadmin/user_upload/entscheide/oeffentlich/SB250411-O1.pdf
23.09.2026,CG240020,Eigentumsübertragung,,0.0,https://www.gerichte-zh.ch/fileadmin/user_upload/entscheide/oeffentlich/CG240020-G7.pdf
23.09.2026,SB250254,"gewerbsmässigen, teilweise bandenmässigen Diebstahl etc. Berufung gegen ein Urte",,0.0,https://www.gerichte-zh.ch/fileadmin/user_upload/entscheide/oeffentlich/SB250254-O1.pdf
23.09.2026,VV260007,Umteilung Prozess Nr. MO260282-L des Bezirksgerichts Zürich in Sachen A._____ ge,,0.0,https://www.gerichte-zh.ch/fileadmin/user_upload/entscheide/oeffentlich/VV260007-O2.pdf
23.09.2026,SB250148,versuchte vorsätzliche Tötung und Rückversetzung Berufung gegen ein Urteil des B,,0.0,https://www.gerichte-zh.ch/fileadmin/user_upload/entscheide/oeffentlich/SB250148-O1.pdf
23.09.2026,ES260003,Kraftloserklärung eines Schuldbriefs,,0.0,https://www.gerichte-zh.ch/fileadmin/user_upload/entscheide/oeffentlich/ES260003-M1.pdf
23.09.2026,RT250016,Rechtsöffnung Beschwerde gegen ein Urteil des Einzelgerichts im summarischen Ver,,0.0,https://www.gerichte-zh.ch/fileadmin/user_upload/entscheide/oeffentlich/RT250016-O7.pdf
23.09.2026,PC250029,Honorar Beschwerde gegen eine Verfügung des Einzelgerichtes (10. Abteilung) des ,,0.0,https://www.gerichte-zh.ch/fileadmin/user_upload/entscheide/oeffentlich/PC250029-O2.pdf
23.09.2026,SB240498,"Drohung etc. und Widerruf Berufung gegen ein Urteil des Bezirksgerichtes Zürich,",,0.0,https://www.gerichte-zh.ch/fileadmin/user_upload/entscheide/oeffentlich/SB240498-O1.pdf
23.09.2026,FK250035,Abänderung Unterhaltstitel,,0.0,https://www.gerichte-zh.ch/fileadmin/user_upload/entscheide/oeffentlich/FK250035-M2.pdf
23.09.2026,MJ250003,Aberkennungsklage,,0.0,https://www.gerichte-zh.ch/fileadmin/user_upload/entscheide/oeffentlich/MJ250003-K3.pdf
23.09.2026,FE200242,Ehescheidung,,0.0,https://www.gerichte-zh.ch/fileadmin/user_upload/entscheide/oeffentlich/FE200242-E47.pdf
23.09.2026,CG240067,Forderung,,0.0,https://www.gerichte-zh.ch/fileadmin/user_upload/entscheide/oeffentlich/CG240067-L6.pdf
23.09.2026,FK240050,Unterhalt und weitere Kinderbelange,,0.0,https://www.gerichte-zh.ch/fileadmin/user_upload/entscheide/oeffentlich/FK240050-L6.pdf
16.09.2026,SR240005,mehrfache sexuelle Handlungen mit Kindern etc. Revision gegen ein Urteil des Obe,,0.0,https://www.gerichte-zh.ch/fileadmin/user_upload/entscheide/oeffentlich/SR240005-O3.pdf
16.09.2026,PQ260041,Prüfung Erwachsenenschutzmassnahme Beschwerde gegen einen Entscheid des Bezirksr,,0.0,https://www.gerichte-zh.ch/fileadmin/user_upload/entscheide/oeffentlich/PQ260041-O1.pdf
16.09.2026,PQ260005,Anordnung einer Beistandschaft nach Art. 308 Abs. 1 und 2 ZGB Beschwerde gegen e,,0.0,https://www.gerichte-zh.ch/fileadmin/user_upload/entscheide/oeffentlich/PQ260005-O2.pdf
16.09.2026,PQ260007,Anordnung einer Beistandschaft nach Art. 308 Abs. 1 und 2 ZGB Beschwerde gegen e,,0.0,https://www.gerichte-zh.ch/fileadmin/user_upload/entscheide/oeffentlich/PQ260007-O2.pdf
16.09.2026,LF260057,Ausweisung (Rechtsschutz in klaren Fällen) Berufung gegen ein Urteil des Einzelg,,0.0,https://www.gerichte-zh.ch/fileadmin/user_upload/entscheide/oeffentlich/LF260057-O1.pdf
16.09.2026,VV260010,Umteilung Prozess Nr. MO260017-… des Bezirksgerichts C._____ in Sachen A._____ g,,0.0,https://www.gerichte-zh.ch/fileadmin/user_upload/entscheide/oeffentlich/VV260010-O2.pdf
16.09.2026,PS260164,Konkurseröffnung Beschwerde gegein ein Urteil des Einzelgerichtes im summarische,,0.0,https://www.gerichte-zh.ch/fileadmin/user_upload/entscheide/oeffentlich/PS260164-O2.pdf
16.09.2026,PF260014,"Erbausschlagung / Protokollierung (Kosten) im Nachlass von B._____, geboren tt. ",,0.0,https://www.gerichte-zh.ch/fileadmin/user_upload/entscheide/oeffentlich/PF260014-O1.pdf
16.09.2026,WP260002,Feststellung der Nachzahlungspflicht Verfahren LE160054-O,,0.0,https://www.gerichte-zh.ch/fileadmin/user_upload/entscheide/oeffentlich/WP260002-O3.pdf
16.09.2026,LC240017,Ehescheidung Berufung gegen ein Urteil des Einzelgerichts am Bezirksgericht Pfäf,,0.0,https://www.gerichte-zh.ch/fileadmin/user_upload/entscheide/oeffentlich/LC240017-O16.pdf
16.09.2026,PS260120,Konkurseröffnung Beschwerde gegen ein Urteil des Einzelgerichtes im summarischen,,0.0,https://www.gerichte-zh.ch/fileadmin/user_upload/entscheide/oeffentlich/PS260120-O3.pdf
16.09.2026,UE250165,Einstellung Beschwerde gegen die Einstellungsverfügung der Staatsanwaltschaft Zü,,0.0,https://www.gerichte-zh.ch/fileadmin/user_upload/entscheide/oeffentlich/UE250165-O2.pdf
16.09.2026,UE250167,Einstellung Beschwerde gegen die Einstellungsverfügung der Staatsanwaltschaft Zü,,0.0,https://www.gerichte-zh.ch/fileadmin/user_upload/entscheide/oeffentlich/UE250167-O2.pdf
16.09.2026,NG260001,Kündigungsschutz / Anfechtung Berufung gegen ein Urteil des Mietgerichtes Zürich,,0.0,https://www.gerichte-zh.ch/fileadmin/user_upload/entscheide/oeffentlich/NG260001-O3.pdf
16.09.2026,PS250307,Beschwerde (Beschwerde über das Betreibungsamt Winterthur-Stadt) Beschwerde gege,,0.0,https://www.gerichte-zh.ch/fileadmin/user_upload/entscheide/oeffentlich/PS250307-O1.pdf
16.09.2026,PS250317,Beschwerde (Beschwerde über das Betreibungsamt Winterthur-Stadt) Beschwerde gege,,0.0,https://www.gerichte-zh.ch/fileadmin/user_upload/entscheide/oeffentlich/PS250317-O1.pdf
16.09.2026,SB240476,versuchte Vergewaltigung etc. und Widerruf Berufung gegen ein Urteil des Bezirks,,0.0,https://www.gerichte-zh.ch/fileadmin/user_upload/entscheide/oeffentlich/SB240476-O1.pdf
16.09.2026,SB250062,"Vergewaltigung etc. Berufung gegen ein Urteil des Bezirksgerichtes Meilen, Abtei",,0.0,https://www.gerichte-zh.ch/fileadmin/user_upload/entscheide/oeffentlich/SB250062-O1.pdf
16.09.2026,SB250170,qualifizierte Widerhandlung gegen das Betäubungsmittelgesetz und Widerruf Berufu,,0.0,https://www.gerichte-zh.ch/fileadmin/user_upload/entscheide/oeffentlich/SB250170-O1.pdf
16.09.2026,SB250078,qualifizierte Widerhandlung gegen das Betäubungsmittelgesetz etc. Berufung gegen,,0.0,https://www.gerichte-zh.ch/fileadmin/user_upload/entscheide/oeffentlich/SB250078-O1.pdf
16.09.2026,AH250049,Forderung,,0.0,https://www.gerichte-zh.ch/fileadmin/user_upload/entscheide/oeffentlich/AH250049-L2.pdf
16.09.2026,GG250113,Widerhandlung gegen das BetmG,,0.0,https://www.gerichte-zh.ch/fileadmin/user_upload/entscheide/oeffentlich/GG250113-L1.pdf
16.09.2026,EE250017,Eheschutz,,0.0,https://www.gerichte-zh.ch/fileadmin/user_upload/entscheide/oeffentlich/EE250017-M1.pdf
16.09.2026,DG250024,"mehrfache sexuelle Handlungen mit Kindern, mehrfache sexuelle Nötigung etc Priva",,0.0,https://www.gerichte-zh.ch/fileadmin/user_upload/entscheide/oeffentlich/DG250024-M3.pdf
16.09.2026,DG240112,Widerhandlung gegen das Betäubungsmittelgesetz etc.,,0.0,https://www.gerichte-zh.ch/fileadmin/user_upload/entscheide/oeffentlich/DG240112-L1.pdf
16.09.2026,DG230138,"versuchte schwere Körperverletzung etc. und Widerruf Privatkläger 1. B._____, 2.",,0.0,https://www.gerichte-zh.ch/fileadmin/user_upload/entscheide/oeffentlich/DG230138-L9.pdf
09.09.2026,LF250095,Mitwirkung der Behörde bei der Teilung nach Art. 609 ZGB im Nachlass von B._____,,0.0,https://www.gerichte-zh.ch/fileadmin/user_upload/entscheide/oeffentlich/LF250095-O5.pdf
09.09.2026,AN240031,Forderung,,0.0,https://www.gerichte-zh.ch/fileadmin/user_upload/entscheide/oeffentlich/AN240031-L18.pdf
09.09.2026,PS260193,Konkurseröffnung Beschwerde gegen ein Urteil des Konkursgerichtes des Bezirksger,,0.0,https://www.gerichte-zh.ch/fileadmin/user_upload/entscheide/oeffentlich/PS260193-O2.pdf
09.09.2026,PP250030,Anfechtung Beschluss Eigentümerversammlung und Eigentumsfreiheitsklage Beschwerd,,0.0,https://www.gerichte-zh.ch/fileadmin/user_upload/entscheide/oeffentlich/PP250030-O6.pdf
09.09.2026,UE260186,Einstellung Beschwerde gegen die Einstellungsverfügung der Jugendanwaltschaft Un,,0.0,https://www.gerichte-zh.ch/fileadmin/user_upload/entscheide/oeffentlich/UE260186-O2.pdf
09.09.2026,LF260036,Organisationsmangel Berufung gegen ein Urteil des Einzelgerichtes im summarische,,0.0,https://www.gerichte-zh.ch/fileadmin/user_upload/entscheide/oeffentlich/LF260036-O2.pdf
09.09.2026,RA250015,arbeisrechtliche Forderung (Entzug unentgeltliche Rechtspflege),,0.0,https://www.gerichte-zh.ch/fileadmin/user_upload/entscheide/oeffentlich/RA250015-O1.pdf
09.09.2026,UE250244,Einstellung Beschwerde gegen die Einstellungsverfügungen der Staatsanwaltschaft ,,0.0,https://www.gerichte-zh.ch/fileadmin/user_upload/entscheide/oeffentlich/UE250244-O3.pdf
09.09.2026,SB250357,versuchte schwere Körperverletzung etc. (Rückweisung des Schweizerischen Bundesg,,0.0,https://www.gerichte-zh.ch/fileadmin/user_upload/entscheide/oeffentlich/SB250357-O1.pdf
09.09.2026,FK220034,"Obhut, persönlicher Verkehr, Unterhalt",,0.0,https://www.gerichte-zh.ch/fileadmin/user_upload/entscheide/oeffentlich/FK220034-C9.pdf
09.09.2026,SM250006,Verlängerung stationäre Massnahme (Nachverfahren) Berufung gegen ein Urteil des ,,0.0,https://www.gerichte-zh.ch/fileadmin/user_upload/entscheide/oeffentlich/SM250006-O1.pdf
09.09.2026,LE250010,Eheschutz Berufungen gegen ein Urteil des Einzelgerichts im summarischen Verfahr,,0.0,https://www.gerichte-zh.ch/fileadmin/user_upload/entscheide/oeffentlich/LE250010-O6.pdf
09.09.2026,AN200012,arbeitsrechtliche Forderung,,0.0,https://www.gerichte-zh.ch/fileadmin/user_upload/entscheide/oeffentlich/AN200012-C9.pdf
09.09.2026,SB240547,versuchte schwere Körperverletzung etc. und Widerruf Berufung gegen ein Urteil d,,0.0,https://www.gerichte-zh.ch/fileadmin/user_upload/entscheide/oeffentlich/SB240547-O1.pdf
09.09.2026,SB240491,einfache Körperverletzung etc. Berufung gegen ein Urteil des Bezirksgerichtes Zü,,0.0,https://www.gerichte-zh.ch/fileadmin/user_upload/entscheide/oeffentlich/SB240491-O1.pdf
09.09.2026,SB250370,mehrfache Nötigung etc. und Widerruf Berufung gegen ein Urteil des Bezirksgerich,,0.0,https://www.gerichte-zh.ch/fileadmin/user_upload/entscheide/oeffentlich/SB250370-O1.pdf
09.09.2026,SB250104,"Pornografie Berufung gegen ein Urteil des Bezirksgerichtes Bülach, Einzelgericht",,0.0,https://www.gerichte-zh.ch/fileadmin/user_upload/entscheide/oeffentlich/SB250104-O1.pdf
09.09.2026,EE250048,Eheschutz,,0.0,https://www.gerichte-zh.ch/fileadmin/user_upload/entscheide/oeffentlich/EE250048-G7.pdf
09.09.2026,CG230040,Forderung,,0.0,https://www.gerichte-zh.ch/fileadmin/user_upload/entscheide/oeffentlich/CG230040-L14.pdf
09.09.2026,FK240067,Kinderunterhalt,,0.0,https://www.gerichte-zh.ch/fileadmin/user_upload/entscheide/oeffentlich/FK240067-L1.pdf
02.09.2026,PS260264,Konkurseröffnung Beschwerde gegen ein Urteil des Einzelgerichtes in Konkurssache,,0.0,https://www.gerichte-zh.ch/fileadmin/user_upload/entscheide/oeffentlich/PS260264-O2.pdf
02.09.2026,BQ260003,Feststellung der Nachzahlungspflicht,,0.0,https://www.gerichte-zh.ch/fileadmin/user_upload/entscheide/oeffentlich/BQ260003-L2.pdf
02.09.2026,SM250010,Verlängerung der Probezeit nach Art. 62 StGB (Nachverfahren) Berufung gegen ein ,,0.0,https://www.gerichte-zh.ch/fileadmin/user_upload/entscheide/oeffentlich/SM250010-O1.pdf
02.09.2026,LY250043,Ehescheidung / vorsorgliche Massnahmen,,0.0,https://www.gerichte-zh.ch/fileadmin/user_upload/entscheide/oeffentlich/LY250043-O3.pdf
02.09.2026,UE250166,Einstellung Beschwerde gegen die Einstellungsverfügung der Staatsanwaltschaft Zü,,0.0,https://www.gerichte-zh.ch/fileadmin/user_upload/entscheide/oeffentlich/UE250166-O2.pdf
02.09.2026,FE240280,Ehescheidung,,0.0,https://www.gerichte-zh.ch/fileadmin/user_upload/entscheide/oeffentlich/FE240280-L7.pdf
02.09.2026,LC260007,Ehescheidung,,0.0,https://www.gerichte-zh.ch/fileadmin/user_upload/entscheide/oeffentlich/LC260007-O1.pdf
02.09.2026,SB250291,"mehrfache Pornografie Urteil des Bezirksgerichtes Zürich, 10. Abteilung - Einzel",,0.0,https://www.gerichte-zh.ch/fileadmin/user_upload/entscheide/oeffentlich/SB250291-O1.pdf
02.09.2026,FV260009,Forderung,,0.0,https://www.gerichte-zh.ch/fileadmin/user_upload/entscheide/oeffentlich/FV260009-L2.pdf
02.09.2026,FO250002,negative Feststellungsklage Art. 85a SchKG,,0.0,https://www.gerichte-zh.ch/fileadmin/user_upload/entscheide/oeffentlich/FO250002-K6.pdf
02.09.2026,AG240003,Forderung,,0.0,https://www.gerichte-zh.ch/fileadmin/user_upload/entscheide/oeffentlich/AG240003-L10.pdf
02.09.2026,EE230065,Eheschutz/Getrenntleben,,0.0,https://www.gerichte-zh.ch/fileadmin/user_upload/entscheide/oeffentlich/EE230065-L20.pdf
02.09.2026,CP220005,Erbteilung,,0.0,https://www.gerichte-zh.ch/fileadmin/user_upload/entscheide/oeffentlich/CP220005-L11.pdf
02.09.2026,GG250062,Vergehen gegen das BetmG,,0.0,https://www.gerichte-zh.ch/fileadmin/user_upload/entscheide/oeffentlich/GG250062-L1.pdf
02.09.2026,FV240104,Erbteilungsklage,,0.0,https://www.gerichte-zh.ch/fileadmin/user_upload/entscheide/oeffentlich/FV240104-L3.pdf
02.09.2026,FV200164,Forderung,,0.0,https://www.gerichte-zh.ch/fileadmin/user_upload/entscheide/oeffentlich/FV200164-L3.pdf
26.08.2026,NE230005,Widerspruchsklage Berufung gegen ein Urteil des Einzelgerichts für SchKG-Klagen ,,0.0,https://www.gerichte-zh.ch/fileadmin/user_upload/entscheide/oeffentlich/NE230005-O13.pdf
26.08.2026,AH250141,Zeugnisänderung,,0.0,https://www.gerichte-zh.ch/fileadmin/user_upload/entscheide/oeffentlich/AH250141-L1.pdf
26.08.2026,FV250047,Forderung,,0.0,https://www.gerichte-zh.ch/fileadmin/user_upload/entscheide/oeffentlich/FV250047-G3.pdf
26.08.2026,HG240067,Forderung,,0.0,https://www.gerichte-zh.ch/fileadmin/user_upload/entscheide/oeffentlich/HG240067-O11.pdf
26.08.2026,FK240030,Unterhalt etc.,,0.0,https://www.gerichte-zh.ch/fileadmin/user_upload/entscheide/oeffentlich/FK240030-I5.pdf
26.08.2026,AH250112,Forderung,,0.0,https://www.gerichte-zh.ch/fileadmin/user_upload/entscheide/oeffentlich/AH250112-L4.pdf
26.08.2026,AH250028,Forderung Arbeitsrecht,,0.0,https://www.gerichte-zh.ch/fileadmin/user_upload/entscheide/oeffentlich/AH250028-M2.pdf
26.08.2026,GC250010,Einsprache gegen Strafbefehl (Parkieren auf einer Strassenverzweigung bis 60 Min,,0.0,https://www.gerichte-zh.ch/fileadmin/user_upload/entscheide/oeffentlich/GC250010-I3.pdf
26.08.2026,GG250012,Betrug (Covid-19) etc. Privatklägerin B._____ vertreten durch Rechtsanwalt Dr. i,,0.0,https://www.gerichte-zh.ch/fileadmin/user_upload/entscheide/oeffentlich/GG250012-M3.pdf
26.08.2026,DG250014,"Vergewaltigung etc. Privatklägerin B._____, vertreten durch Rechtsanwältin lic. ",,0.0,https://www.gerichte-zh.ch/fileadmin/user_upload/entscheide/oeffentlich/DG250014-K7.pdf
26.08.2026,MJ240014,Ausweisung,,0.0,https://www.gerichte-zh.ch/fileadmin/user_upload/entscheide/oeffentlich/MJ240014-M2.pdf
26.08.2026,GC250008,Festhalten am Strafbefehl im Sinne von Art. 355 Abs. 3 lit. a StPO,,0.0,https://www.gerichte-zh.ch/fileadmin/user_upload/entscheide/oeffentlich/GC250008-M3.pdf
26.08.2026,AH250002,Forderung/Zeugnisänderung,,0.0,https://www.gerichte-zh.ch/fileadmin/user_upload/entscheide/oeffentlich/AH250002-L1.pdf
26.08.2026,FP230008,Abänderung Scheidungsurteil,,0.0,https://www.gerichte-zh.ch/fileadmin/user_upload/entscheide/oeffentlich/FP230008-H6.pdf
26.08.2026,FG230018,Auflösung der eingetragenen Partnerschaft,,0.0,https://www.gerichte-zh.ch/fileadmin/user_upload/entscheide/oeffentlich/FG230018-L14.pdf
26.08.2026,GG250043,"Raub Privatkläger B._____,",,0.0,https://www.gerichte-zh.ch/fileadmin/user_upload/entscheide/oeffentlich/GG250043-L1.pdf
26.08.2026,CG230030,Forderung,,0.0,https://www.gerichte-zh.ch/fileadmin/user_upload/entscheide/oeffentlich/CG230030-L6.pdf
26.08.2026,FV240096,Forderung,,0.0,https://www.gerichte-zh.ch/fileadmin/user_upload/entscheide/oeffentlich/FV240096-L4.pdf
26.08.2026,FV240088,Forderung,,0.0,https://www.gerichte-zh.ch/fileadmin/user_upload/entscheide/oeffentlich/FV240088-L3.pdf
19.08.2026,RT250256,Rechtsöffnung Beschwerde gegen ein Urteil des Einzelgerichts am Bezirksgericht P,,0.0,https://www.gerichte-zh.ch/fileadmin/user_upload/entscheide/oeffentlich/RT250256-O3.pdf
19.08.2026,PS260207,Konkurseröffnung Beschwerde gegen ein Urteil des Einzelgerichtes des Bezirksgeri,,0.0,https://www.gerichte-zh.ch/fileadmin/user_upload/entscheide/oeffentlich/PS260207-O2.pdf
19.08.2026,SB250231,versuchte schwere Körperverletzung etc. im Zustand der Schuld- unfähigkeit,,0.0,https://www.gerichte-zh.ch/fileadmin/user_upload/entscheide/oeffentlich/SB250231-O1.pdf
19.08.2026,LF250071,gerichtliches Verbot Berufung gegen eine Verfügung des Einzelgerichtes s.V. des ,,0.0,https://www.gerichte-zh.ch/fileadmin/user_upload/entscheide/oeffentlich/LF250071-O2.pdf
19.08.2026,NP260010,Feststellung des Nichtbestehens einer Schuld (Art. 85a SchKG) Berufung gegen ein,,0.0,https://www.gerichte-zh.ch/fileadmin/user_upload/entscheide/oeffentlich/NP260010-O2.pdf
19.08.2026,LC230015,Ehescheidung Berufung gegen ein Urteil des Einzelgerichts am Bezirksgericht Meil,,0.0,https://www.gerichte-zh.ch/fileadmin/user_upload/entscheide/oeffentlich/LC230015-O24.pdf
19.08.2026,NG250020,Anfechtung Kündigung Berufung gegen eine Verfügung des Mietgerichtes des Bezirks,,0.0,https://www.gerichte-zh.ch/fileadmin/user_upload/entscheide/oeffentlich/NG250020-O3.pdf
19.08.2026,NP250001,Forderung Berufung gegen ein Urteil des Einzelgerichts im vereinfachten Verfahre,,0.0,https://www.gerichte-zh.ch/fileadmin/user_upload/entscheide/oeffentlich/NP250001-O11.pdf
19.08.2026,SB250449,unrechtmässiger Bezug von Leistungen einer Sozialversicherung oder der Sozialhil,,0.0,https://www.gerichte-zh.ch/fileadmin/user_upload/entscheide/oeffentlich/SB250449-O1.pdf
19.08.2026,NG250022,Kündigunggschutz / Anfechtung Berufung gegen ein Urteil des Mietgerichtes Zürich,,0.0,https://www.gerichte-zh.ch/fileadmin/user_upload/entscheide/oeffentlich/NG250022-O1.pdf
19.08.2026,SB250491,mehrfache Drohung etc. im Zustand der Schuldunfähigkeit Berufung gegen ein Urtei,,0.0,https://www.gerichte-zh.ch/fileadmin/user_upload/entscheide/oeffentlich/SB250491-O1.pdf
19.08.2026,SB250266,"Raub etc. Berufung gegen ein Urteil des Bezirksgerichtes Zürich, 2. Abteilung, v",,0.0,https://www.gerichte-zh.ch/fileadmin/user_upload/entscheide/oeffentlich/SB250266-O1.pdf
19.08.2026,SB230402,"Drohung etc. Berufung gegen ein Urteil des Bezirksgerichtes Zürich, 9. Abteilung",,0.0,https://www.gerichte-zh.ch/fileadmin/user_upload/entscheide/oeffentlich/SB230402-O1.pdf
12.08.2026,PS260212,Konkurseröffnung Beschwerde gegen ein Urteil des Konkursgerichtes des Bezirksger,,0.0,https://www.gerichte-zh.ch/fileadmin/user_upload/entscheide/oeffentlich/PS260212-O3.pdf
12.08.2026,PQ260039,Überprüfung Kindesschutzmassnahme Beschwerde gegen ein Urteil des Bezirksrates H,,0.0,https://www.gerichte-zh.ch/fileadmin/user_upload/entscheide/oeffentlich/PQ260039-O1.pdf
12.08.2026,LC250042,Ehescheidung Berufung gegen ein Urteil des Einzelgerichts am Bezirksgericht Büla,,0.0,https://www.gerichte-zh.ch/fileadmin/user_upload/entscheide/oeffentlich/LC250042-O4.pdf
12.08.2026,FV240011,Forderung,,0.0,https://www.gerichte-zh.ch/fileadmin/user_upload/entscheide/oeffentlich/FV240011-C5.pdf
12.08.2026,GC260022,Übertretung von Verkehrsvorschriften,,0.0,https://www.gerichte-zh.ch/fileadmin/user_upload/entscheide/oeffentlich/GC260022-L1.pdf
12.08.2026,LF260017,Einberufung der Gesellschafterversammlung Berufung gegen einen Entscheid des Ein,,0.0,https://www.gerichte-zh.ch/fileadmin/user_upload/entscheide/oeffentlich/LF260017-O2.pdf
12.08.2026,SB240466,gewerbsmässigen Diebstahl etc. Berufung gegen ein Urteil des Bezirksgerichtes Zü,,0.0,https://www.gerichte-zh.ch/fileadmin/user_upload/entscheide/oeffentlich/SB240466-O1.pdf
12.08.2026,SB250226,"mehrfache, teilweise qualifizierte Widerhandlung gegen das Be- täubungsmittelges",,0.0,https://www.gerichte-zh.ch/fileadmin/user_upload/entscheide/oeffentlich/SB250226-O1.pdf
12.08.2026,HG250100,Forderung,,0.0,https://www.gerichte-zh.ch/fileadmin/user_upload/entscheide/oeffentlich/HG250100-O5.pdf
12.08.2026,EE250014,Eheschutzmassnahmen,,0.0,https://www.gerichte-zh.ch/fileadmin/user_upload/entscheide/oeffentlich/EE250014-E5.pdf
12.08.2026,EL230268,Testamentseröffnung,,0.0,https://www.gerichte-zh.ch/fileadmin/user_upload/entscheide/oeffentlich/EL230268-F1.pdf
12.08.2026,FK240068,Unterhalt,,0.0,https://www.gerichte-zh.ch/fileadmin/user_upload/entscheide/oeffentlich/FK240068-L1.pdf
05.08.2026,RT260018,Rechtöffnung Beschwerde gegen ein Urteil des Einzelgerichts am Bezirksgericht Wi,,0.0,https://www.gerichte-zh.ch/fileadmin/user_upload/entscheide/oeffentlich/RT260018-O5.pdf
05.08.2026,PS260188,Konkurseröffnung Beschwerde gegen ein Urteil des Einzelgerichtes im summarischen,,0.0,https://www.gerichte-zh.ch/fileadmin/user_upload/entscheide/oeffentlich/PS260188-O2.pdf
05.08.2026,NP250014,Persönlichkeitsschutz Berufung gegen ein Urteil des Einzelgerichts im vereinfach,,0.0,https://www.gerichte-zh.ch/fileadmin/user_upload/entscheide/oeffentlich/NP250014-O4.pdf
05.08.2026,VV260008,Umteilung Prozess Nr. MO260167-C der Schlichtungsbehörde in Mietsachen des Bezir,,0.0,https://www.gerichte-zh.ch/fileadmin/user_upload/entscheide/oeffentlich/VV260008-O2.pdf
05.08.2026,VV260009,Umteilung Prozess Nr. MO260160-K der Schlichtungsbehörde in Mietsachen des Bezir,,0.0,https://www.gerichte-zh.ch/fileadmin/user_upload/entscheide/oeffentlich/VV260009-O2.pdf
05.08.2026,HE260035,vorsorgliche Massnahmen,,0.0,https://www.gerichte-zh.ch/fileadmin/user_upload/entscheide/oeffentlich/HE260035-O5.pdf
05.08.2026,LB260018,"Forderung Berufung gegen einen Beschluss des Bezirksgerichtes Bülach, II. Abteil",,0.0,https://www.gerichte-zh.ch/fileadmin/user_upload/entscheide/oeffentlich/LB260018-O3.pdf
05.08.2026,PS260161,Konkurseröffnung Beschwerde gegen ein Urteil des Konkursgerichtes des Bezirksger,,0.0,https://www.gerichte-zh.ch/fileadmin/user_upload/entscheide/oeffentlich/PS260161-O3.pdf
05.08.2026,PS250384,Zahlungsbefehl (Beschwerde über das Betreibungsamt Dübendorf) Beschwerde gegen e,,0.0,https://www.gerichte-zh.ch/fileadmin/user_upload/entscheide/oeffentlich/PS250384-O3.pdf
05.08.2026,HG250182,Forderung,,0.0,https://www.gerichte-zh.ch/fileadmin/user_upload/entscheide/oeffentlich/HG250182-O5.pdf
05.08.2026,LA260011,arbeitsrechtliche Forderung Berufung gegen ein Urteil des Arbeitsgerichtes Züric,,0.0,https://www.gerichte-zh.ch/fileadmin/user_upload/entscheide/oeffentlich/LA260011-O2.pdf
05.08.2026,LE260013,Eheschutz Berufung gegen ein Urteil des Einzelgerichts am Bezirksgericht Wintert,,0.0,https://www.gerichte-zh.ch/fileadmin/user_upload/entscheide/oeffentlich/LE260013-O2.pdf
05.08.2026,HE260010,Bauhandwerkerpfandrecht,,0.0,https://www.gerichte-zh.ch/fileadmin/user_upload/entscheide/oeffentlich/HE260010-O7.pdf
05.08.2026,PS260124,Konkurseröffnung Beschwerde gegen ein Urteil des Konkursgerichtes des Bezirksger,,0.0,https://www.gerichte-zh.ch/fileadmin/user_upload/entscheide/oeffentlich/PS260124-O3.pdf
05.08.2026,NH260003,Rückführung von Kindern,,0.0,https://www.gerichte-zh.ch/fileadmin/user_upload/entscheide/oeffentlich/NH260003-O5.pdf
05.08.2026,LF260032,Organisationsmangel Berufung gegen ein Urteil des Einzelgerichtes des Bezirksger,,0.0,https://www.gerichte-zh.ch/fileadmin/user_upload/entscheide/oeffentlich/LF260032-O1.pdf
05.08.2026,RS260005,Organisationsmangel / Gesuch um Aufschub der Vollstreckbarkeit betreffend Urteil,,0.0,https://www.gerichte-zh.ch/fileadmin/user_upload/entscheide/oeffentlich/RS260005-O1.pdf
05.08.2026,PS260109,Konkurseröffnung Beschwerde gegen ein Urteil des Konkursgerichtes des Bezirksger,,0.0,https://www.gerichte-zh.ch/fileadmin/user_upload/entscheide/oeffentlich/PS260109-O2.pdf
05.08.2026,SB250036,"mehrfachen Betrug etc. Berufung gegen ein Urteil des Bezirksgerichtes Bülach, Ei",,0.0,https://www.gerichte-zh.ch/fileadmin/user_upload/entscheide/oeffentlich/SB250036-O1.pdf
05.08.2026,PS260046,Konkurseröffnung Beschwerde gegen ein Urteil des Konkursgerichtes des Bezirksger,,0.0,https://www.gerichte-zh.ch/fileadmin/user_upload/entscheide/oeffentlich/PS260046-O2.pdf
05.08.2026,PS260030,Konkurseröffnung Beschwerde gegen ein Urteil des Konkursgerichtes des Bezirksger,,0.0,https://www.gerichte-zh.ch/fileadmin/user_upload/entscheide/oeffentlich/PS260030-O2.pdf
05.08.2026,LF250040,Kraftloserklärung eines Schuldbriefes Berufung gegen eine Verfügung des Einzelge,,0.0,https://www.gerichte-zh.ch/fileadmin/user_upload/entscheide/oeffentlich/LF250040-O2.pdf
05.08.2026,PF250058,"Ausschlagung (Kostenbeschwerde) im Nachlass von B._____, geboren tt. März 1944, ",,0.0,https://www.gerichte-zh.ch/fileadmin/user_upload/entscheide/oeffentlich/PF250058-O1.pdf
05.08.2026,FV240027,Miteigentum,,0.0,https://www.gerichte-zh.ch/fileadmin/user_upload/entscheide/oeffentlich/FV240027-D7.pdf
05.08.2026,PS250410,Konkurseröffnung Beschwerde gegen ein Urteil des Konkursgerichtes des Bezirksger,,0.0,https://www.gerichte-zh.ch/fileadmin/user_upload/entscheide/oeffentlich/PS250410-O2.pdf
05.08.2026,PS250134,Mitteilung der betreibungsamtlichen Schätzung des Grundstückes und der Zugehör v,,0.0,https://www.gerichte-zh.ch/fileadmin/user_upload/entscheide/oeffentlich/PS250134-O2.pdf
05.08.2026,HG220082,Forderung,,0.0,https://www.gerichte-zh.ch/fileadmin/user_upload/entscheide/oeffentlich/HG220082-O15.pdf
05.08.2026,GG250009,Verbrechen gegen das Betäubungsmittelgesetz etc. (abgekürztes Verfahren),,0.0,https://www.gerichte-zh.ch/fileadmin/user_upload/entscheide/oeffentlich/GG250009-F1.pdf
05.08.2026,FV250035,Forderung,,0.0,https://www.gerichte-zh.ch/fileadmin/user_upload/entscheide/oeffentlich/FV250035-L2.pdf
05.08.2026,GG250007,Gewerbsmässiger Diebstahl etc.,,0.0,https://www.gerichte-zh.ch/fileadmin/user_upload/entscheide/oeffentlich/GG250007-L1.pdf
29.07.2026,PS260206,Konkurseröffnung Beschwerde gegen ein Urteil des Konkursgerichtes des Bezirksger,,0.0,https://www.gerichte-zh.ch/fileadmin/user_upload/entscheide/oeffentlich/PS260206-O1.pdf
29.07.2026,PQ260052,Strafandrohung gemäss Art. 292 StGB betreffend Abklärungsauftrag an das Kinder- ,,0.0,https://www.gerichte-zh.ch/fileadmin/user_upload/entscheide/oeffentlich/PQ260052-O1.pdf
29.07.2026,PS260185,Konkurseröffnung Beschwerde gegen ein Urteil des Konkursgerichtes des Bezirksger,,0.0,https://www.gerichte-zh.ch/fileadmin/user_upload/entscheide/oeffentlich/PS260185-O2.pdf
29.07.2026,AN240019,arbeitsrechtliche Forderung,,0.0,https://www.gerichte-zh.ch/fileadmin/user_upload/entscheide/oeffentlich/AN240019-C7.pdf
29.07.2026,VR260003,Rekurs gegen die Verfügung des Bezirksgerichts Winterthur vom 16. Februar 2026 (,,0.0,https://www.gerichte-zh.ch/fileadmin/user_upload/entscheide/oeffentlich/VR260003-O2.pdf
29.07.2026,PS260176,Konkurseröffnung Beschwerde gegen ein Urteil des Konkursgerichtes des Bezirksger,,0.0,https://www.gerichte-zh.ch/fileadmin/user_upload/entscheide/oeffentlich/PS260176-O2.pdf
29.07.2026,PQ260045,Kontaktreglung und Anpassung Beistandschaft (vorsorgliche Massnahmen) Beschwerde,,0.0,https://www.gerichte-zh.ch/fileadmin/user_upload/entscheide/oeffentlich/PQ260045-O1.pdf
29.07.2026,RE260004,Eheschutz (unentgeltliche Rechtsvertretung / Honorar) Beschwerde gegen eine Verf,,0.0,https://www.gerichte-zh.ch/fileadmin/user_upload/entscheide/oeffentlich/RE260004-O2.pdf
29.07.2026,PQ260038,Anordnung einer Verfahrensbeistandschaft nach Art. 314abis ZGB Beschwerde gegen ,,0.0,https://www.gerichte-zh.ch/fileadmin/user_upload/entscheide/oeffentlich/PQ260038-O1.pdf
29.07.2026,RT260084,Rechtsöffnung Beschwerde gegen einen Entscheid des Einzelgerichts Audienz am Bez,,0.0,https://www.gerichte-zh.ch/fileadmin/user_upload/entscheide/oeffentlich/RT260084-O2.pdf
29.07.2026,PS260119,Nachlassstundung Beschwerde gegen ein Urteil des Nachlassgerichtes des Bezirksge,,0.0,https://www.gerichte-zh.ch/fileadmin/user_upload/entscheide/oeffentlich/PS260119-O2.pdf
29.07.2026,PS260073,Konkurseröffnung Beschwerde gegen ein Urteil des Konkursgerichtes des Bezirksger,,0.0,https://www.gerichte-zh.ch/fileadmin/user_upload/entscheide/oeffentlich/PS260073-O2.pdf
29.07.2026,CG250001,Beseitigung des rechtswidrigen Zustands,,0.0,https://www.gerichte-zh.ch/fileadmin/user_upload/entscheide/oeffentlich/CG250001-C7.pdf
29.07.2026,LF260041,Rechtsschutz in klaren Fällen (Ausweisung) Berufung gegen ein Urteil des Einzelg,,0.0,https://www.gerichte-zh.ch/fileadmin/user_upload/entscheide/oeffentlich/LF260041-O1.pdf
29.07.2026,RS260006,Rechtsöffnung Antrag um Aufschub der Vollstreckbarkeit eines unbegründeten Entsc,,0.0,https://www.gerichte-zh.ch/fileadmin/user_upload/entscheide/oeffentlich/RS260006-O1.pdf
29.07.2026,RA250013,arbeitsrechtliche Forderung (Ausstand) Beschwerde gegen eine Verfügung des Arbei,,0.0,https://www.gerichte-zh.ch/fileadmin/user_upload/entscheide/oeffentlich/RA250013-O7.pdf
29.07.2026,RU260024,Kündigungsschutz / Anfechtung Rechtsverweigerungsbeschwerde im Verfahren MO26003,,0.0,https://www.gerichte-zh.ch/fileadmin/user_upload/entscheide/oeffentlich/RU260024-O1.pdf
29.07.2026,RT260041,Rechtsöffnung Beschwerde gegen eine Verfügung des Einzelgerichts am Bezirksgeric,,0.0,https://www.gerichte-zh.ch/fileadmin/user_upload/entscheide/oeffentlich/RT260041-O3.pdf
29.07.2026,PQ260035,Weisung / Anordnung einer Sozialpädagogischen Familienbeglei- tung Beschwerde ge,,0.0,https://www.gerichte-zh.ch/fileadmin/user_upload/entscheide/oeffentlich/PQ260035-O1.pdf
29.07.2026,PS260132,Konkurseröffnung Beschwerde gegen ein Urteil des Konkursgerichtes des Bezirksger,,0.0,https://www.gerichte-zh.ch/fileadmin/user_upload/entscheide/oeffentlich/PS260132-O3.pdf
29.07.2026,PS260136,Konkurseröffnung Beschwerde gegen ein Urteil des Einzelgerichtes des Bezirksgeri,,0.0,https://www.gerichte-zh.ch/fileadmin/user_upload/entscheide/oeffentlich/PS260136-O3.pdf
29.07.2026,LC240041,Ehescheidung Berufung gegen ein Teilurteil des Einzelgerichts im ordentlichen Ve,,0.0,https://www.gerichte-zh.ch/fileadmin/user_upload/entscheide/oeffentlich/LC240041-O5.pdf
29.07.2026,PS260128,Konkurseröffnung Beschwerde gegen ein Urteil des Konkursgerichtes des Bezirksger,,0.0,https://www.gerichte-zh.ch/fileadmin/user_upload/entscheide/oeffentlich/PS260128-O2.pdf
29.07.2026,ED260004,Gesuch um unentgeltliche Rechtspflege,,0.0,https://www.gerichte-zh.ch/fileadmin/user_upload/entscheide/oeffentlich/ED260004-M1.pdf
29.07.2026,LZ250046,Unterhalt und weitere Kinderbelange,,0.0,https://www.gerichte-zh.ch/fileadmin/user_upload/entscheide/oeffentlich/LZ250046-O6.pdf
29.07.2026,PC250030,Ehescheidung (Teilurteil) Beschwerde gegen eine Verfügung des Einzelgerichts am ,,0.0,https://www.gerichte-zh.ch/fileadmin/user_upload/entscheide/oeffentlich/PC250030-O9.pdf
29.07.2026,SM250003,Anordnung einer Verwahrung (Nachverfahren) Berufung gegen ein Urteil des Bezirks,,0.0,https://www.gerichte-zh.ch/fileadmin/user_upload/entscheide/oeffentlich/SM250003-O1.pdf
29.07.2026,VB260002,Beschwerde i.S.v. § 43 Abs. 2 lit. a VRG gegen ein Urteil des Verwaltungsgericht,,0.0,https://www.gerichte-zh.ch/fileadmin/user_upload/entscheide/oeffentlich/VB260002-O2.pdf
29.07.2026,LZ250021,Unterhalt Berufung gegen ein Urteil des Einzelgerichts am Bezirksgericht Bülach ,,0.0,https://www.gerichte-zh.ch/fileadmin/user_upload/entscheide/oeffentlich/LZ250021-O4.pdf
29.07.2026,SB250214,sexuelle Handlungen mit Kindern etc. und Widerruf,,0.0,https://www.gerichte-zh.ch/fileadmin/user_upload/entscheide/oeffentlich/SB250214-O1.pdf
29.07.2026,SB250203,Anstiftung zur Schändung etc. (Rückweisung des Schweizeri- schen Bundesgerichtes,,0.0,https://www.gerichte-zh.ch/fileadmin/user_upload/entscheide/oeffentlich/SB250203-O1.pdf
29.07.2026,PS260082,Konkurseröffnung Beschwerde gegen ein Urteil des Einzelgerichtes in Konkurssache,,0.0,https://www.gerichte-zh.ch/fileadmin/user_upload/entscheide/oeffentlich/PS260082-O3.pdf
29.07.2026,PS250223,Pfändungsankündigung vom 9. Mai 2025 / Betreibung Nr. ... (Beschwerde über das B,,0.0,https://www.gerichte-zh.ch/fileadmin/user_upload/entscheide/oeffentlich/PS250223-O3.pdf
29.07.2026,GG260017,Mehrfache Gehilfenschaft zum - teilweise versuchten - Betrug Privatkläger 1. B._,,0.0,https://www.gerichte-zh.ch/fileadmin/user_upload/entscheide/oeffentlich/GG260017-L1.pdf
29.07.2026,LY250007,Ehescheidung (vorsorgliche Massnahmen) Berufung gegen eine Verfügung des Einzelg,,0.0,https://www.gerichte-zh.ch/fileadmin/user_upload/entscheide/oeffentlich/LY250007-O8.pdf
29.07.2026,DH260004,"Gehilfenschaft zum gewerbsmässigen Diebstahl etc. Privatkläger 1. B._____ GmbH, ",,0.0,https://www.gerichte-zh.ch/fileadmin/user_upload/entscheide/oeffentlich/DH260004-K2.pdf
29.07.2026,SB250154,"Schändung etc. Berufung gegen ein Urteil des Bezirksgerichts Dielsdorf, I. Abtei",,0.0,https://www.gerichte-zh.ch/fileadmin/user_upload/entscheide/oeffentlich/SB250154-O1.pdf
29.07.2026,WP260001,Feststellung der Nachzahlungspflicht Verfahren LE190019-O,,0.0,https://www.gerichte-zh.ch/fileadmin/user_upload/entscheide/oeffentlich/WP260001-O3.pdf
29.07.2026,SB250145,"mehrfache Drohung etc. Berufung gegen ein Urteil des Bezirksgerichtes Zürich, 10",,0.0,https://www.gerichte-zh.ch/fileadmin/user_upload/entscheide/oeffentlich/SB250145-O1.pdf
29.07.2026,SB250010,"mehrfache Drohung etc. Berufung gegen ein Urteil des Bezirksgerichtes Horgen, Ei",,0.0,https://www.gerichte-zh.ch/fileadmin/user_upload/entscheide/oeffentlich/SB250010-O1.pdf
29.07.2026,DH260004,"Gehilfenschaft zum gewerbsmässigen Diebstahl etc. Privatkläger 1. B._____ GmbH, ",,0.0,https://www.gerichte-zh.ch/fileadmin/user_upload/entscheide/oeffentlich/DH260004-K2.pdf
29.07.2026,HE260022,Bauhandwerkerpfandrecht,,0.0,https://www.gerichte-zh.ch/fileadmin/user_upload/entscheide/oeffentlich/HE260022-O1.pdf
29.07.2026,SB250135,gewerbsmässigen Betrug etc. und Widerruf Berufung gegen ein Urteil des Bezirksge,,0.0,https://www.gerichte-zh.ch/fileadmin/user_upload/entscheide/oeffentlich/SB250135-O1.pdf
29.07.2026,SB250265,gewerbsmässigen Diebstahl etc. Berufung gegen ein Urteil des Bezirksgerichtes Zü,,0.0,https://www.gerichte-zh.ch/fileadmin/user_upload/entscheide/oeffentlich/SB250265-O1.pdf
29.07.2026,GB250014,Vergehen gegen das Sprengstoffgesetz,,0.0,https://www.gerichte-zh.ch/fileadmin/user_upload/entscheide/oeffentlich/GB250014-M1.pdf
29.07.2026,HG230232,Forderung,,0.0,https://www.gerichte-zh.ch/fileadmin/user_upload/entscheide/oeffentlich/HG230232-O11.pdf
29.07.2026,SB240178,Diebstahl etc. Berufung gegen ein Urteil des Bezirksgerichtes Winterthur vom 30.,,0.0,https://www.gerichte-zh.ch/fileadmin/user_upload/entscheide/oeffentlich/SB240178-O1.pdf
29.07.2026,AH250108,Forderung,,0.0,https://www.gerichte-zh.ch/fileadmin/user_upload/entscheide/oeffentlich/AH250108-L2.pdf
29.07.2026,GG250039,Fahren ohne Berechtigung etc.,,0.0,https://www.gerichte-zh.ch/fileadmin/user_upload/entscheide/oeffentlich/GG250039-I3.pdf
29.07.2026,FP240011,Abänderung Scheidungsurteil,,0.0,https://www.gerichte-zh.ch/fileadmin/user_upload/entscheide/oeffentlich/FP240011-G9.pdf
29.07.2026,GG250077,Qualifiziert grobe Verletzung der Verkehrsregeln,,0.0,https://www.gerichte-zh.ch/fileadmin/user_upload/entscheide/oeffentlich/GG250077-K2.pdf
29.07.2026,AH240005,arbeitsrechtliche Forderung,,0.0,https://www.gerichte-zh.ch/fileadmin/user_upload/entscheide/oeffentlich/AH240005-H2.pdf
29.07.2026,EE240074,Eheschutz,,0.0,https://www.gerichte-zh.ch/fileadmin/user_upload/entscheide/oeffentlich/EE240074-C11.pdf
29.07.2026,FK250003,Kindesunterhalt und weitere Kinderbelange,,0.0,https://www.gerichte-zh.ch/fileadmin/user_upload/entscheide/oeffentlich/FK250003-G6.pdf
29.07.2026,EE250027,Eheschutz,,0.0,https://www.gerichte-zh.ch/fileadmin/user_upload/entscheide/oeffentlich/EE250027-F1.pdf
15.07.2026,HG260010,Gegendarstellung,,0.0,https://www.gerichte-zh.ch/fileadmin/user_upload/entscheide/oeffentlich/HG260010-O4.pdf
15.07.2026,LB250018,Forderung Berufung gegen ein Urteil des Bezirksgerichtes Winterthur im ordentlic,,0.0,https://www.gerichte-zh.ch/fileadmin/user_upload/entscheide/oeffentlich/LB250018-O12.pdf
15.07.2026,AH250005,arbeitsrechtliche Forderung,,0.0,https://www.gerichte-zh.ch/fileadmin/user_upload/entscheide/oeffentlich/AH250005-G3.pdf
15.07.2026,AH250007,arbeitsrechtliche Forderung,,0.0,https://www.gerichte-zh.ch/fileadmin/user_upload/entscheide/oeffentlich/AH250007-G2.pdf
15.07.2026,LF260047,Organisationsmangel Berufung gegen ein Urteil des Einzelgerichtes im summarische,,0.0,https://www.gerichte-zh.ch/fileadmin/user_upload/entscheide/oeffentlich/LF260047-O2.pdf
15.07.2026,PS260177,Konkurseröffnung Beschwerde gegen ein Urteil des Konkursgerichtes des Bezirksger,,0.0,https://www.gerichte-zh.ch/fileadmin/user_upload/entscheide/oeffentlich/PS260177-O2.pdf
15.07.2026,PQ260024,Kindesschutzmassnahmen Beschwerde gegen ein Urteil des Bezirksrates Bülach vom 1,,0.0,https://www.gerichte-zh.ch/fileadmin/user_upload/entscheide/oeffentlich/PQ260024-O2.pdf
15.07.2026,PS260134,Konkurseröffnung Beschwerde gegen ein Urteil des Konkursgerichtes des Bezirksger,,0.0,https://www.gerichte-zh.ch/fileadmin/user_upload/entscheide/oeffentlich/PS260134-O2.pdf
15.07.2026,EE250013,Eheschutz,,0.0,https://www.gerichte-zh.ch/fileadmin/user_upload/entscheide/oeffentlich/EE250013-G3.pdf
15.07.2026,PS260118,Konkurseröffnung Beschwerde gegen ein Urteil des Einzelgerichtes in Konkurssache,,0.0,https://www.gerichte-zh.ch/fileadmin/user_upload/entscheide/oeffentlich/PS260118-O2.pdf
15.07.2026,LC250032,Ehescheidung Berufung gegen ein Urteil des Einzelgerichtes in Zivil- und Strafsa,,0.0,https://www.gerichte-zh.ch/fileadmin/user_upload/entscheide/oeffentlich/LC250032-O1.pdf
15.07.2026,VB260007,Aufsichtsbeschwerde gegen das Bezirksgericht Meilen etc.,,0.0,https://www.gerichte-zh.ch/fileadmin/user_upload/entscheide/oeffentlich/VB260007-O2.pdf
15.07.2026,EK260469,Konkurseröffnung (Betr. 1 / KA …),,0.0,https://www.gerichte-zh.ch/fileadmin/user_upload/entscheide/oeffentlich/EK260469-L1.pdf
15.07.2026,EK260714,Überschuldungsanzeige,,0.0,https://www.gerichte-zh.ch/fileadmin/user_upload/entscheide/oeffentlich/EK260714-L1.pdf
15.07.2026,LY230048,Ehescheidung (vorsorgliche Massnahmen) Berufung gegen eine Verfügung des Einzelg,,0.0,https://www.gerichte-zh.ch/fileadmin/user_upload/entscheide/oeffentlich/LY230048-O22.pdf
15.07.2026,VV260004,Umteilung Prozess Nr. MO260030-F des Bezirksgerichts Horgen in Sachen A._____ un,,0.0,https://www.gerichte-zh.ch/fileadmin/user_upload/entscheide/oeffentlich/VV260004-O2.pdf
15.07.2026,VV260005,Umteilung Prozess Nr. FE260028-... des Bezirksgerichts C._____ in Sachen A._____,,0.0,https://www.gerichte-zh.ch/fileadmin/user_upload/entscheide/oeffentlich/VV260005-O2.pdf
15.07.2026,GG260004,Verbrechen gegen das Betäubungsmittelgesetzes (abgekürztes Verfahren),,0.0,https://www.gerichte-zh.ch/fileadmin/user_upload/entscheide/oeffentlich/GG260004-F1.pdf
15.07.2026,LC260004,Abänderung des Scheidungsurteils Berufung gegen einen Entscheid der 5. Abteilung,,0.0,https://www.gerichte-zh.ch/fileadmin/user_upload/entscheide/oeffentlich/LC260004-O1.pdf
15.07.2026,EE250053,Eheschutz,,0.0,https://www.gerichte-zh.ch/fileadmin/user_upload/entscheide/oeffentlich/EE250053-F1.pdf
15.07.2026,UE250304,Nichtanhandnahme Beschwerde gegen die Nichtanhandnahmeverfügung der Staatsanwalt,,0.0,https://www.gerichte-zh.ch/fileadmin/user_upload/entscheide/oeffentlich/UE250304-O3.pdf
15.07.2026,EE250078,Eheschutz,,0.0,https://www.gerichte-zh.ch/fileadmin/user_upload/entscheide/oeffentlich/EE250078-F1.pdf
15.07.2026,FP260003,Abänderung des Scheidungsurteils,,0.0,https://www.gerichte-zh.ch/fileadmin/user_upload/entscheide/oeffentlich/FP260003-F2.pdf
15.07.2026,FE250249,Ehescheidung,,0.0,https://www.gerichte-zh.ch/fileadmin/user_upload/entscheide/oeffentlich/FE250249-F1.pdf
15.07.2026,FP240017,Abänderung des Scheidungsurteils,,0.0,https://www.gerichte-zh.ch/fileadmin/user_upload/entscheide/oeffentlich/FP240017-F5.pdf
15.07.2026,AH250053,Forderung / Zeugnisänderung,,0.0,https://www.gerichte-zh.ch/fileadmin/user_upload/entscheide/oeffentlich/AH250053-L3.pdf
15.07.2026,DG250022,"Freiheitsberaubung und Entführung etc. Privatkläger 1. B._____, 2. C._____, 3. D",,0.0,https://www.gerichte-zh.ch/fileadmin/user_upload/entscheide/oeffentlich/DG250022-I9.pdf
15.07.2026,FE250221,Ehescheidung,,0.0,https://www.gerichte-zh.ch/fileadmin/user_upload/entscheide/oeffentlich/FE250221-F1.pdf
15.07.2026,AH250111,Forderung,,0.0,https://www.gerichte-zh.ch/fileadmin/user_upload/entscheide/oeffentlich/AH250111-L1.pdf
15.07.2026,FK250025,Anfechtung der Vaterschaft,,0.0,https://www.gerichte-zh.ch/fileadmin/user_upload/entscheide/oeffentlich/FK250025-F1.pdf
15.07.2026,FK240004,Vaterschaft und Unterhalt,,0.0,https://www.gerichte-zh.ch/fileadmin/user_upload/entscheide/oeffentlich/FK240004-F8.pdf
15.07.2026,DH250040,qualifizierte Widerhandlung gegen das Betäubungsmittelgesetz,,0.0,https://www.gerichte-zh.ch/fileadmin/user_upload/entscheide/oeffentlich/DH250040-K1.pdf
15.07.2026,FV230114,Nachbarrecht / Baum-Rückschnitt,,0.0,https://www.gerichte-zh.ch/fileadmin/user_upload/entscheide/oeffentlich/FV230114-L9.pdf
15.07.2026,FE250183,Ehescheidung,,0.0,https://www.gerichte-zh.ch/fileadmin/user_upload/entscheide/oeffentlich/FE250183-F4.pdf
15.07.2026,FK240028,Abänderung Unterhalt,,0.0,https://www.gerichte-zh.ch/fileadmin/user_upload/entscheide/oeffentlich/FK240028-D3.pdf
15.07.2026,EE250022,Eheschutzmassnahmen,,0.0,https://www.gerichte-zh.ch/fileadmin/user_upload/entscheide/oeffentlich/EE250022-E5.pdf
15.07.2026,FV240009,Forderung,,0.0,https://www.gerichte-zh.ch/fileadmin/user_upload/entscheide/oeffentlich/FV240009-H2.pdf
15.07.2026,CP180005,Herausgabe/Herabsetzung,,0.0,https://www.gerichte-zh.ch/fileadmin/user_upload/entscheide/oeffentlich/CP180005-E20.pdf
15.07.2026,LC250027,Ehescheidung,,0.0,https://www.gerichte-zh.ch/fileadmin/user_upload/entscheide/oeffentlich/LC250027-O1.pdf
15.07.2026,FV250006,Forderung,,0.0,https://www.gerichte-zh.ch/fileadmin/user_upload/entscheide/oeffentlich/FV250006-E4.pdf
15.07.2026,FE160182,Ehescheidung (Art. 114 ZGB),,0.0,https://www.gerichte-zh.ch/fileadmin/user_upload/entscheide/oeffentlich/FE160182-G15.pdf
15.07.2026,FE240576,Ehescheidung,,0.0,https://www.gerichte-zh.ch/fileadmin/user_upload/entscheide/oeffentlich/FE240576-L1.pdf
15.07.2026,FK220142,"(Abänderung) Unterhalt, Obhut und Betreuungsanteile",,0.0,https://www.gerichte-zh.ch/fileadmin/user_upload/entscheide/oeffentlich/FK220142-L16.pdf
15.07.2026,GC240119,Übertretung von Verkehrsvorschriften,,0.0,https://www.gerichte-zh.ch/fileadmin/user_upload/entscheide/oeffentlich/GC240119-L1.pdf
08.07.2026,PS260033,Bestimmung des weiteren Verfahrens (Art. 132 Abs. 1 SchKG i.V.m. Art. 10 VVAG),,0.0,https://www.gerichte-zh.ch/fileadmin/user_upload/entscheide/oeffentlich/PS260033-O3.pdf
08.07.2026,PS260041,Pfändungsankündigung vom 24. September 2025 / Betreibung Nr. 1 (Beschwerde über ,,0.0,https://www.gerichte-zh.ch/fileadmin/user_upload/entscheide/oeffentlich/PS260041-O1.pdf
08.07.2026,PS260051,Requisition Nr. 1 usw. / Aufsichtsbeschwerde (Beschwerde über die Betreibungsämt,,0.0,https://www.gerichte-zh.ch/fileadmin/user_upload/entscheide/oeffentlich/PS260051-O1.pdf
08.07.2026,SB250367,qualifizierte Widerhandlung gegen das Betäubungsmittelgesetz etc. und Widerruf B,,0.0,https://www.gerichte-zh.ch/fileadmin/user_upload/entscheide/oeffentlich/SB250367-O1.pdf
08.07.2026,SB250043,mehrfache qualifizierte Widerhandlung gegen das Betäubungsmit- telgesetz etc. un,,0.0,https://www.gerichte-zh.ch/fileadmin/user_upload/entscheide/oeffentlich/SB250043-O1.pdf
08.07.2026,LF260013,Einberufung der Gesellschafterversammlung,,0.0,https://www.gerichte-zh.ch/fileadmin/user_upload/entscheide/oeffentlich/LF260013-O2.pdf
08.07.2026,PC250015,Honorar Beschwerde gegen eine Verfügung des Einzelgerichtes des Bezirksgerichtes,,0.0,https://www.gerichte-zh.ch/fileadmin/user_upload/entscheide/oeffentlich/PC250015-O2.pdf
08.07.2026,PQ260018,Kosten Beschwerde gegen einen Beschluss des Bezirksrates Winterthur vom 20. Febr,,0.0,https://www.gerichte-zh.ch/fileadmin/user_upload/entscheide/oeffentlich/PQ260018-O1.pdf
08.07.2026,RT250257,Rechtsöffnung Beschwerde gegen eine Verfügung des Einzelgerichts Audienz am Bezi,,0.0,https://www.gerichte-zh.ch/fileadmin/user_upload/entscheide/oeffentlich/RT250257-O5.pdf
08.07.2026,RT260015,Rechtsöffnung Beschwerde gegen einen Entscheid des Einzelgerichts Audienz am Bez,,0.0,https://www.gerichte-zh.ch/fileadmin/user_upload/entscheide/oeffentlich/RT260015-O3.pdf
08.07.2026,RT260016,Rechtsöffnung Beschwerde gegen einen Entscheid des Einzelgerichts Audienz am Bez,,0.0,https://www.gerichte-zh.ch/fileadmin/user_upload/entscheide/oeffentlich/RT260016-O3.pdf
08.07.2026,PS260081,Konkurseröffnung / Nichtigkeit Urteil des Einzelgerichtes im summarischen Verfah,,0.0,https://www.gerichte-zh.ch/fileadmin/user_upload/entscheide/oeffentlich/PS260081-O2.pdf
08.07.2026,PS260083,Konkurseröffnung Beschwerde gegen ein Urteil des Einzelgerichtes des Bezirksgeri,,0.0,https://www.gerichte-zh.ch/fileadmin/user_upload/entscheide/oeffentlich/PS260083-O2.pdf
08.07.2026,PD250013,Anfechtung der Kündigung / Kostenbeschwerde Beschwerde gegen einen Beschluss des,,0.0,https://www.gerichte-zh.ch/fileadmin/user_upload/entscheide/oeffentlich/PD250013-O2.pdf
08.07.2026,LF250105,"Testamentseröffnung im Nachlass von L._____, geboren tt. Januar 1939, von M.____",,0.0,https://www.gerichte-zh.ch/fileadmin/user_upload/entscheide/oeffentlich/LF250105-O3.pdf
08.07.2026,SB250127,gewerbsmässigen Betrug etc. Berufung gegen ein Urteil des Bezirksgerichtes Bülac,,0.0,https://www.gerichte-zh.ch/fileadmin/user_upload/entscheide/oeffentlich/SB250127-O1.pdf
08.07.2026,PS260088,Konkurseröffnung Beschwerde gegen ein Urteil des Konkursgerichtes des Bezirksger,,0.0,https://www.gerichte-zh.ch/fileadmin/user_upload/entscheide/oeffentlich/PS260088-O2.pdf
08.07.2026,SB250199,qualifizierte Widerhandlung gegen das Betäubungsmittelgesetz und Widerruf Berufu,,0.0,https://www.gerichte-zh.ch/fileadmin/user_upload/entscheide/oeffentlich/SB250199-O1.pdf
08.07.2026,LY250003,Ehescheidung (vorsorgliche Massnahmen) Berufungen gegen eine Verfügung des Einze,,0.0,https://www.gerichte-zh.ch/fileadmin/user_upload/entscheide/oeffentlich/LY250003-O20.pdf
08.07.2026,LZ250043,Kinderbelange (vorsorgliche Massnahmen) Berufung gegen eine Verfügung des Einzel,,0.0,https://www.gerichte-zh.ch/fileadmin/user_upload/entscheide/oeffentlich/LZ250043-O8.pdf
08.07.2026,LC240035,Ehescheidung Berufung und Anschlussberufung gegen ein Urteil des Einzelgerichts ,,0.0,https://www.gerichte-zh.ch/fileadmin/user_upload/entscheide/oeffentlich/LC240035-O4.pdf
08.07.2026,LF250118,Organisationsmangel Berufung gegen ein Urteil des Einzelgerichtes des Bezirksger,,0.0,https://www.gerichte-zh.ch/fileadmin/user_upload/entscheide/oeffentlich/LF250118-O2.pdf
08.07.2026,LE250002,Eheschutz Berufungen gegen ein Urteil des Einzelgerichts am Bezirksgericht Uster,,0.0,https://www.gerichte-zh.ch/fileadmin/user_upload/entscheide/oeffentlich/LE250002-O13.pdf
08.07.2026,LB240026,Aberkennung Berufung gegen ein Urteil des Bezirksgerichtes Winterthur vom 10. Ma,,0.0,https://www.gerichte-zh.ch/fileadmin/user_upload/entscheide/oeffentlich/LB240026-O6.pdf
08.07.2026,PS250398,Konkurseröffnung Beschwerde gegen ein Urteil des Einzelgerichtes des Bezirksgeri,,0.0,https://www.gerichte-zh.ch/fileadmin/user_upload/entscheide/oeffentlich/PS250398-O2.pdf
08.07.2026,SB250045,versuchte vorsätzliche Tötung etc. und Widerruf (Rückweisung des Schweizerischen,,0.0,https://www.gerichte-zh.ch/fileadmin/user_upload/entscheide/oeffentlich/SB250045-O1.pdf
08.07.2026,LE240043,"Eheschutz Berufung gegen ein Urteil des Einzelgerichts am Bezirksgericht Zürich,",,0.0,https://www.gerichte-zh.ch/fileadmin/user_upload/entscheide/oeffentlich/LE240043-O15.pdf
01.07.2026,AH250027,Forderung,,0.0,https://www.gerichte-zh.ch/fileadmin/user_upload/entscheide/oeffentlich/AH250027-K3.pdf
01.07.2026,PS260113,Konkurseröffnung Beschwerde gegen ein Urteil des Einzelgerichtes des Bezirksgeri,,0.0,https://www.gerichte-zh.ch/fileadmin/user_upload/entscheide/oeffentlich/PS260113-O2.pdf
01.07.2026,HE260006,Bauhandwerkerpfandrecht,,0.0,https://www.gerichte-zh.ch/fileadmin/user_upload/entscheide/oeffentlich/HE260006-O4.pdf
01.07.2026,EE250046,Eheschutz,,0.0,https://www.gerichte-zh.ch/fileadmin/user_upload/entscheide/oeffentlich/EE250046-G12.pdf
01.07.2026,FE220334,Ehescheidung,,0.0,https://www.gerichte-zh.ch/fileadmin/user_upload/entscheide/oeffentlich/FE220334-C25.pdf
01.07.2026,LF260007,Ausweisung Berufung gegen ein Urteil des Einzelgerichtes im summarischen Verfahr,,0.0,https://www.gerichte-zh.ch/fileadmin/user_upload/entscheide/oeffentlich/LF260007-O2.pdf
01.07.2026,PS260114,Konkurseröffnung Beschwerde gegen ein Urteil des Einzelgerichtes im summarischen,,0.0,https://www.gerichte-zh.ch/fileadmin/user_upload/entscheide/oeffentlich/PS260114-O2.pdf
01.07.2026,PS260079,Konkurseröffnung Beschwerde gegen ein Urteil des Konkursgerichtes des Bezirksger,,0.0,https://www.gerichte-zh.ch/fileadmin/user_upload/entscheide/oeffentlich/PS260079-O2.pdf
01.07.2026,PS260060,Konkurseröffnung Beschwerde gegen ein Urteil des Konkursgerichtes des Bezirksger,,0.0,https://www.gerichte-zh.ch/fileadmin/user_upload/entscheide/oeffentlich/PS260060-O2.pdf
01.07.2026,LC250036,Ehescheidung,,0.0,https://www.gerichte-zh.ch/fileadmin/user_upload/entscheide/oeffentlich/LC250036-O4.pdf
01.07.2026,AN230018,arbeitsrechtliche Forderung,,0.0,https://www.gerichte-zh.ch/fileadmin/user_upload/entscheide/oeffentlich/AN230018-C6.pdf
01.07.2026,AH250010,fristlose Entlassung / Lohnforderung,,0.0,https://www.gerichte-zh.ch/fileadmin/user_upload/entscheide/oeffentlich/AH250010-K5.pdf
01.07.2026,PS260039,Kostenvorschussverfügung vom 5. November 2025 / Betreibungs- Nr: ... (Beschwerde,,0.0,https://www.gerichte-zh.ch/fileadmin/user_upload/entscheide/oeffentlich/PS260039-O1.pdf
01.07.2026,LF250080,Bereinigung des Zivilstandsregisters Berufung gegen eine Verfügung des Einzelger,,0.0,https://www.gerichte-zh.ch/fileadmin/user_upload/entscheide/oeffentlich/LF250080-O2.pdf
01.07.2026,LE260004,Eheschutz Berufung gegen ein Teilurteil des Einzelgerichts am Bezirksgericht Hor,,0.0,https://www.gerichte-zh.ch/fileadmin/user_upload/entscheide/oeffentlich/LE260004-O2.pdf
01.07.2026,LE250001,Eheschutz Berufung gegen ein Urteil des Einzelgerichts im summarischen Verfahren,,0.0,https://www.gerichte-zh.ch/fileadmin/user_upload/entscheide/oeffentlich/LE250001-O11.pdf
01.07.2026,SB250103,fahrlässige Tötung etc.,,0.0,https://www.gerichte-zh.ch/fileadmin/user_upload/entscheide/oeffentlich/SB250103-O1.pdf
01.07.2026,SB250191,qualifiziert grobe Verletzung der Verkehrsregeln etc. Berufung gegen ein Urteil ,,0.0,https://www.gerichte-zh.ch/fileadmin/user_upload/entscheide/oeffentlich/SB250191-O1.pdf
01.07.2026,FE250086,gemeinsames Scheidungsbegehren mit teilweiser Einigung,,0.0,https://www.gerichte-zh.ch/fileadmin/user_upload/entscheide/oeffentlich/FE250086-A3.pdf
01.07.2026,DH250157,Qualifiziert grobe Verletzung der Verkehrsregeln,,0.0,https://www.gerichte-zh.ch/fileadmin/user_upload/entscheide/oeffentlich/DH250157-L1.pdf
01.07.2026,FE210183,Ehescheidung,,0.0,https://www.gerichte-zh.ch/fileadmin/user_upload/entscheide/oeffentlich/FE210183-K48.pdf
01.07.2026,MO250083,Forderung aus Mietverhältnis,,0.0,https://www.gerichte-zh.ch/fileadmin/user_upload/entscheide/oeffentlich/MO250083-H1.pdf
01.07.2026,AH250001,arbeitsrechtliche Forderung,,0.0,https://www.gerichte-zh.ch/fileadmin/user_upload/entscheide/oeffentlich/AH250001-G3.pdf
01.07.2026,SB240427,mehrfache fahrlässige Tötung etc. Berufung gegen ein Urteil des Bezirksgerichtes,,0.0,https://www.gerichte-zh.ch/fileadmin/user_upload/entscheide/oeffentlich/SB240427-O1.pdf
01.07.2026,EE250078,Eheschutzmassnahmen,,0.0,https://www.gerichte-zh.ch/fileadmin/user_upload/entscheide/oeffentlich/EE250078-K2.pdf
01.07.2026,GG250019,"Fahrlässige Körperverletzung, Drohung (Untersuchungsnr. …) Privatkläger B._____,",,0.0,https://www.gerichte-zh.ch/fileadmin/user_upload/entscheide/oeffentlich/GG250019-G5.pdf
01.07.2026,GG250027,Qualifiziert grobe Verletzung der Verkehrsregeln,,0.0,https://www.gerichte-zh.ch/fileadmin/user_upload/entscheide/oeffentlich/GG250027-D4.pdf
01.07.2026,EE240038,Eheschutz,,0.0,https://www.gerichte-zh.ch/fileadmin/user_upload/entscheide/oeffentlich/EE240038-F2.pdf
01.07.2026,FK240121,Unterhalt,,0.0,https://www.gerichte-zh.ch/fileadmin/user_upload/entscheide/oeffentlich/FK240121-L2.pdf
01.07.2026,FP240133,Ergänzung eines ausländischen Scheidungsurteils,,0.0,https://www.gerichte-zh.ch/fileadmin/user_upload/entscheide/oeffentlich/FP240133-L5.pdf
01.07.2026,FK250001,Unterhalt und weitere Kinderbelange,,0.0,https://www.gerichte-zh.ch/fileadmin/user_upload/entscheide/oeffentlich/FK250001-L2.pdf
01.07.2026,EE240057,Eheschutz,,0.0,https://www.gerichte-zh.ch/fileadmin/user_upload/entscheide/oeffentlich/EE240057-G4.pdf
24.06.2026,GG260020,"Diebstahl etc. Privatkläger B._____, Unter Hinweis auf die Anklageschrift der St",,0.0,https://www.gerichte-zh.ch/fileadmin/user_upload/entscheide/oeffentlich/GG260020-C2.pdf
24.06.2026,LA260016,arbeitsrechtliche Forderung Berufung gegen ein Urteil des Einzelgerichts am Arbe,,0.0,https://www.gerichte-zh.ch/fileadmin/user_upload/entscheide/oeffentlich/LA260016-O2.pdf
24.06.2026,FP250036,Abänderung Scheidungsurteil,,0.0,https://www.gerichte-zh.ch/fileadmin/user_upload/entscheide/oeffentlich/FP250036-C3.pdf
24.06.2026,AH260001,arbeitsrechtliche Forderung,,0.0,https://www.gerichte-zh.ch/fileadmin/user_upload/entscheide/oeffentlich/AH260001-C1.pdf
24.06.2026,AH240042,arbeitsrechtliche Forderung,,0.0,https://www.gerichte-zh.ch/fileadmin/user_upload/entscheide/oeffentlich/AH240042-C2.pdf
24.06.2026,FE240040,Ehescheidung / Scheidung auf gemeinsames Begehren,,0.0,https://www.gerichte-zh.ch/fileadmin/user_upload/entscheide/oeffentlich/FE240040-B4.pdf
17.06.2026,PS260110,Konkurseröffnung Beschwerde gegen ein Urteil des Konkursgerichtes des Bezirksger,,0.0,https://www.gerichte-zh.ch/fileadmin/user_upload/entscheide/oeffentlich/PS260110-O3.pdf
17.06.2026,PQ260027,Kontaktrecht / Ermahnung,,0.0,https://www.gerichte-zh.ch/fileadmin/user_upload/entscheide/oeffentlich/PQ260027-O1.pdf
17.06.2026,GC260005,Einsprache gegen den Strafbefehl Nr. … des Statthalteramtes Bezirk Meilen vom 11,,0.0,https://www.gerichte-zh.ch/fileadmin/user_upload/entscheide/oeffentlich/GC260005-G1.pdf
17.06.2026,RT260017,Rechtsöffnung Beschwerde gegen eine Verfügung des Einzelgerichts Audienz am Bezi,,0.0,https://www.gerichte-zh.ch/fileadmin/user_upload/entscheide/oeffentlich/RT260017-O3.pdf
17.06.2026,GG260008,"Verleumdung etc. (Untersuchungsnr. …) Privatkläger 1. B._____, 2. C._____, 2 ver",,0.0,https://www.gerichte-zh.ch/fileadmin/user_upload/entscheide/oeffentlich/GG260008-G1.pdf
17.06.2026,PP260007,Forderung (Verfahrensvereinigung) Beschwerde gegen eine Verfügung des Einzelgeri,,0.0,https://www.gerichte-zh.ch/fileadmin/user_upload/entscheide/oeffentlich/PP260007-O2.pdf
17.06.2026,PP260008,Forderung (Verfahrensvereinigung) Beschwerde gegen eine Verfügung des Einzelgeri,,0.0,https://www.gerichte-zh.ch/fileadmin/user_upload/entscheide/oeffentlich/PP260008-O2.pdf
17.06.2026,PP260009,Forderung (Verfahrensvereinigung) Beschwerde gegen eine Verfügung des Einzelgeri,,0.0,https://www.gerichte-zh.ch/fileadmin/user_upload/entscheide/oeffentlich/PP260009-O2.pdf
17.06.2026,PC250009,Honorar Beschwerde gegen eine Verfügung des Einzelgerichtes des Bezirksgerich- t,,0.0,https://www.gerichte-zh.ch/fileadmin/user_upload/entscheide/oeffentlich/PC250009-O2.pdf
17.06.2026,SB250113,"qualifizierter Raub etc. Berufung gegen ein Urteil des Bezirksgerichtes Zürich, ",,0.0,https://www.gerichte-zh.ch/fileadmin/user_upload/entscheide/oeffentlich/SB250113-O1.pdf
17.06.2026,FP250010,Vorsorgliche Massnahmen bei Scheidungsverfahren im Ausland,,0.0,https://www.gerichte-zh.ch/fileadmin/user_upload/entscheide/oeffentlich/FP250010-G3.pdf
17.06.2026,SB240074,gewerbsmässigen Betrug etc. Berufung gegen ein Urteil des Bezirksgerichtes Züric,,0.0,https://www.gerichte-zh.ch/fileadmin/user_upload/entscheide/oeffentlich/SB240074-O1.pdf
17.06.2026,FE240178,Ehescheidung auf gemeinsames Begehren,,0.0,https://www.gerichte-zh.ch/fileadmin/user_upload/entscheide/oeffentlich/FE240178-D1.pdf
17.06.2026,EE240019,Eheschutz,,0.0,https://www.gerichte-zh.ch/fileadmin/user_upload/entscheide/oeffentlich/EE240019-B8.pdf
17.06.2026,FE240199,Ehescheidung (Art. 114 ZGB),,0.0,https://www.gerichte-zh.ch/fileadmin/user_upload/entscheide/oeffentlich/FE240199-G4.pdf
17.06.2026,DG230018,"Gefährdung des Lebens etc. Privatklägerschaft 1. B._____, 2. C._____, 3. D._____",,0.0,https://www.gerichte-zh.ch/fileadmin/user_upload/entscheide/oeffentlich/DG230018-M9.pdf
10.06.2026,MJ250016,Mängelbeseitigung / Herabsetzung Mietzins,,0.0,https://www.gerichte-zh.ch/fileadmin/user_upload/entscheide/oeffentlich/MJ250016-K2.pdf
10.06.2026,FV250036,Forderung/definitive Eintragung eines gesetzlichen Pfandrechts,,0.0,https://www.gerichte-zh.ch/fileadmin/user_upload/entscheide/oeffentlich/FV250036-G4.pdf
10.06.2026,SM250011,Antrag auf Verlägerung einer stationären Massnahme (Nachverfahren) Berufung gege,,0.0,https://www.gerichte-zh.ch/fileadmin/user_upload/entscheide/oeffentlich/SM250011-O1.pdf
10.06.2026,EE260030,Abänderung Eheschutzmassnahmen,,0.0,https://www.gerichte-zh.ch/fileadmin/user_upload/entscheide/oeffentlich/EE260030-C1.pdf
10.06.2026,EK260518,Konkurseröffnung (Betr. 1 / tt.mm.2025) Das Konkursgericht zieht in Betracht: Mi,,0.0,https://www.gerichte-zh.ch/fileadmin/user_upload/entscheide/oeffentlich/EK260518-L1.pdf
10.06.2026,AH240003,arbeitsrechtliche Forderung,,0.0,https://www.gerichte-zh.ch/fileadmin/user_upload/entscheide/oeffentlich/AH240003-G7.pdf
10.06.2026,LC250043,Ehescheidung / Ungültigkeit der Ehe Berufung gegen ein Urteil der 3. Abteilung d,,0.0,https://www.gerichte-zh.ch/fileadmin/user_upload/entscheide/oeffentlich/LC250043-O1.pdf
10.06.2026,PP260010,Forderung (Verfahrensvereinigung),,0.0,https://www.gerichte-zh.ch/fileadmin/user_upload/entscheide/oeffentlich/PP260010-O2.pdf
10.06.2026,PS260044,Konkurseröffnung Beschwerde gegen ein Urteil des Konkursgerichtes des Bezirksger,,0.0,https://www.gerichte-zh.ch/fileadmin/user_upload/entscheide/oeffentlich/PS260044-O2.pdf
10.06.2026,RT250258,Rechtsöffnung Beschwerde gegen eine Verfügung des Einzelgerichts Audienz am Bezi,,0.0,https://www.gerichte-zh.ch/fileadmin/user_upload/entscheide/oeffentlich/RT250258-O4.pdf
10.06.2026,GG250074,Qualifiziert grobe Verletzung der Verkehrsregeln,,0.0,https://www.gerichte-zh.ch/fileadmin/user_upload/entscheide/oeffentlich/GG250074-C2.pdf
10.06.2026,LZ250002,Unterhalt und weitere Kinderbelange Berufung gegen eine Verfügung des Einzelgeri,,0.0,https://www.gerichte-zh.ch/fileadmin/user_upload/entscheide/oeffentlich/LZ250002-O15.pdf
10.06.2026,HG240124,Aberkennung,,0.0,https://www.gerichte-zh.ch/fileadmin/user_upload/entscheide/oeffentlich/HG240124-O8.pdf
10.06.2026,LB250038,Erbschaftsklage Berufung gegen einen Beschluss der 2. Abteilung des Bezirksgeric,,0.0,https://www.gerichte-zh.ch/fileadmin/user_upload/entscheide/oeffentlich/LB250038-O3.pdf
10.06.2026,LE250005,Eheschutz (vorsorgliche Massnahmen) Berufung gegen eine Verfügung des Einzelgeri,,0.0,https://www.gerichte-zh.ch/fileadmin/user_upload/entscheide/oeffentlich/LE250005-O10.pdf
10.06.2026,RT260005,Rechtsöffnung Beschwerde gegen eine Vollstreckbarkeitsbescheinigung des Einzelge,,0.0,https://www.gerichte-zh.ch/fileadmin/user_upload/entscheide/oeffentlich/RT260005-O1.pdf
10.06.2026,FV250014,Forderung,,0.0,https://www.gerichte-zh.ch/fileadmin/user_upload/entscheide/oeffentlich/FV250014-G5.pdf
10.06.2026,FV250032,Forderung,,0.0,https://www.gerichte-zh.ch/fileadmin/user_upload/entscheide/oeffentlich/FV250032-G2.pdf
10.06.2026,FV250033,Forderung,,0.0,https://www.gerichte-zh.ch/fileadmin/user_upload/entscheide/oeffentlich/FV250033-G2.pdf
10.06.2026,FV250037,Forderung,,0.0,https://www.gerichte-zh.ch/fileadmin/user_upload/entscheide/oeffentlich/FV250037-G2.pdf
10.06.2026,FV250041,Forderung,,0.0,https://www.gerichte-zh.ch/fileadmin/user_upload/entscheide/oeffentlich/FV250041-G1.pdf
10.06.2026,LE240034,Eheschutz Berufung gegen ein Urteil des Einzelgerichts am Bezirksgericht Wintert,,0.0,https://www.gerichte-zh.ch/fileadmin/user_upload/entscheide/oeffentlich/LE240034-O13.pdf
10.06.2026,AH240003,arbeitsrechtliche Forderung,,0.0,https://www.gerichte-zh.ch/fileadmin/user_upload/entscheide/oeffentlich/AH240003-G7.pdf
10.06.2026,SB240546,vorsätzliche Verletzung der Fürsorge- und Erziehungspflicht etc. Berufung gegen ,,0.0,https://www.gerichte-zh.ch/fileadmin/user_upload/entscheide/oeffentlich/SB240546-O2.pdf
10.06.2026,XA250003,Akteneinsicht,,0.0,https://www.gerichte-zh.ch/fileadmin/user_upload/entscheide/oeffentlich/XA250003-O2.pdf
10.06.2026,RS250017,Kinderbelange Antrag betreffend Aufschub der Vollstreckbarkeit der Verfügung des,,0.0,https://www.gerichte-zh.ch/fileadmin/user_upload/entscheide/oeffentlich/RS250017-O4.pdf
10.06.2026,SB230240,schwere Körperverletzung etc. und Widerruf,,0.0,https://www.gerichte-zh.ch/fileadmin/user_upload/entscheide/oeffentlich/SB230240-O1.pdf
10.06.2026,GG250027,Pornografie,,0.0,https://www.gerichte-zh.ch/fileadmin/user_upload/entscheide/oeffentlich/GG250027-C2.pdf
10.06.2026,FV250004,Forderung,,0.0,https://www.gerichte-zh.ch/fileadmin/user_upload/entscheide/oeffentlich/FV250004-G3.pdf
10.06.2026,EE250017,Eheschutz,,0.0,https://www.gerichte-zh.ch/fileadmin/user_upload/entscheide/oeffentlich/EE250017-C2.pdf
10.06.2026,GG240110,mehrfacher unrechtmässiger Bezug von Leistungen einer Sozial- versicherung oder ,,0.0,https://www.gerichte-zh.ch/fileadmin/user_upload/entscheide/oeffentlich/GG240110-C2.pdf
10.06.2026,GG240306,"Bandenmässiger Diebstahl und rechtswidrige Einreise Privatkläger 1. B._____, 2. ",,0.0,https://www.gerichte-zh.ch/fileadmin/user_upload/entscheide/oeffentlich/GG240306-L1.pdf
03.06.2026,LF260010,Rechtsschutz in klaren Fällen (Ausweisung) / Gesuch um Wiederherstellung der Fri,,0.0,https://www.gerichte-zh.ch/fileadmin/user_upload/entscheide/oeffentlich/LF260010-O2.pdf
03.06.2026,LF260012,vorsorgliche Massnahmen Berufung gegen eine Verfügung des Einzelgerichtes Audien,,0.0,https://www.gerichte-zh.ch/fileadmin/user_upload/entscheide/oeffentlich/LF260012-O2.pdf
03.06.2026,GB260001,"Üble Nachrede etc. (Einsprache gegen den Strafbefehl vom 29. September 2025, Unt",,0.0,https://www.gerichte-zh.ch/fileadmin/user_upload/entscheide/oeffentlich/GB260001-G2.pdf
03.06.2026,FE250181,Ehescheidung (Art. 112 ZGB),,0.0,https://www.gerichte-zh.ch/fileadmin/user_upload/entscheide/oeffentlich/FE250181-G2.pdf
03.06.2026,LY260007,Abänderung Scheidungsurteil (vorsorgliche Massnahmen) Berufung gegen eine Verfüg,,0.0,https://www.gerichte-zh.ch/fileadmin/user_upload/entscheide/oeffentlich/LY260007-O1.pdf
03.06.2026,GC250012,Festhalten am Strafbefehl im Sinne von Art. 355 Abs. 3 lit. a StPO,,0.0,https://www.gerichte-zh.ch/fileadmin/user_upload/entscheide/oeffentlich/GC250012-M3.pdf
03.06.2026,LF260006,Organisationsmangel Berufung gegen ein Urteil des Einzelgerichtes im summarische,,0.0,https://www.gerichte-zh.ch/fileadmin/user_upload/entscheide/oeffentlich/LF260006-O2.pdf
03.06.2026,RB260008,Ausschlussklage i.S.v. Art. 649b ZGB / Rechtsverweigerung / Rechtsverzögerung Be,,0.0,https://www.gerichte-zh.ch/fileadmin/user_upload/entscheide/oeffentlich/RB260008-O1.pdf
03.06.2026,LZ250035,Kinderbelange (Abänderung vorsorgliche Massnahmen) Berufung gegen eine Verfügung,,0.0,https://www.gerichte-zh.ch/fileadmin/user_upload/entscheide/oeffentlich/LZ250035-O3.pdf
03.06.2026,GC260001,Einsprache gegen den Strafbefehl Nr. ST.2024.2544 des Statthalteramtes Bezirk Me,,0.0,https://www.gerichte-zh.ch/fileadmin/user_upload/entscheide/oeffentlich/GC260001-G2.pdf
03.06.2026,GG250041,"Drohung, Sachentziehung, Sachbeschädigung, Hausfriedensbruch, Beschimpfung, Tätl",,0.0,https://www.gerichte-zh.ch/fileadmin/user_upload/entscheide/oeffentlich/GG250041-G3.pdf
03.06.2026,SB250213,versuchte Vergewaltigung etc. (Rückweisung des Schweizerischen Bundesgerichtes) ,,0.0,https://www.gerichte-zh.ch/fileadmin/user_upload/entscheide/oeffentlich/SB250213-O1.pdf
03.06.2026,GC250013,Einsprache gegen den Strafbefehl Nr. ST.2025.106 des Statthalteramtes Bezirk Mei,,0.0,https://www.gerichte-zh.ch/fileadmin/user_upload/entscheide/oeffentlich/GC250013-G1.pdf
03.06.2026,PS260034,Konkurseröffnung Beschwerde gegen ein Urteil des Konkursgerichtes des Bezirksger,,0.0,https://www.gerichte-zh.ch/fileadmin/user_upload/entscheide/oeffentlich/PS260034-O2.pdf
03.06.2026,MH250002,Forderung,,0.0,https://www.gerichte-zh.ch/fileadmin/user_upload/entscheide/oeffentlich/MH250002-K4.pdf
03.06.2026,LE250061,Eheschutz Berufung gegen ein Urteil des Einzelgerichts am Bezirksgericht Bülach ,,0.0,https://www.gerichte-zh.ch/fileadmin/user_upload/entscheide/oeffentlich/LE250061-O2.pdf
03.06.2026,SB250082,mehrfaches Verbrechen gegen das Betäubungsmittelgesetz etc. Berufung gegen ein U,,0.0,https://www.gerichte-zh.ch/fileadmin/user_upload/entscheide/oeffentlich/SB250082-O1.pdf
03.06.2026,FE250085,Ehescheidung (Art. 114 ZGB),,0.0,https://www.gerichte-zh.ch/fileadmin/user_upload/entscheide/oeffentlich/FE250085-G3.pdf
03.06.2026,SB250002,Gewalt und Drohung gegen Behörden und Beamte etc. und Widerruf Berufung gegen ei,,0.0,https://www.gerichte-zh.ch/fileadmin/user_upload/entscheide/oeffentlich/SB250002-O1.pdf
03.06.2026,DA250004,Nichtbefolgung von Weisungen,,0.0,https://www.gerichte-zh.ch/fileadmin/user_upload/entscheide/oeffentlich/DA250004-K4.pdf
03.06.2026,GC250014,Einsprache gegen den Strafbefehl Nr. ST.2025.1563 des Statthalteramtes Bezirk Me,,0.0,https://www.gerichte-zh.ch/fileadmin/user_upload/entscheide/oeffentlich/GC250014-G1.pdf
03.06.2026,HG240087,Forderung,,0.0,https://www.gerichte-zh.ch/fileadmin/user_upload/entscheide/oeffentlich/HG240087-O8.pdf
03.06.2026,GG250021,"Drohung etc. Privatkläger 1. B._____, 2. C._____",,0.0,https://www.gerichte-zh.ch/fileadmin/user_upload/entscheide/oeffentlich/GG250021-M3.pdf
03.06.2026,PD250012,Forderung aus Mietvertrag / Kosten- und Entschädigungsfolgen Beschwerde gegen ei,,0.0,https://www.gerichte-zh.ch/fileadmin/user_upload/entscheide/oeffentlich/PD250012-O1.pdf
03.06.2026,SB240507,mehrfache sexuelle Handlungen mit Kindern etc. Berufung gegen ein Urteil des Bez,,0.0,https://www.gerichte-zh.ch/fileadmin/user_upload/entscheide/oeffentlich/SB240507-O1.pdf
03.06.2026,FP230023,Abänderung Scheidungsurteil,,0.0,https://www.gerichte-zh.ch/fileadmin/user_upload/entscheide/oeffentlich/FP230023-C5.pdf
03.06.2026,FE230363,Ehescheidung,,0.0,https://www.gerichte-zh.ch/fileadmin/user_upload/entscheide/oeffentlich/FE230363-C8.pdf
03.06.2026,GG240303,"Diebstahl etc. Privatkläger 1. B._____, 2. C._____,",,0.0,https://www.gerichte-zh.ch/fileadmin/user_upload/entscheide/oeffentlich/GG240303-L1.pdf
03.06.2026,GG240304,"bandenmässiger Diebstahl und rechtswidrige Einreise Privatkläger 1. B._____, 2. ",,0.0,https://www.gerichte-zh.ch/fileadmin/user_upload/entscheide/oeffentlich/GG240304-L1.pdf
03.06.2026,GG240305,"Bandenmässiger Diebstahl und rechtswidrige Einreise Privatkläger 1. B._____, 2. ",,0.0,https://www.gerichte-zh.ch/fileadmin/user_upload/entscheide/oeffentlich/GG240305-L1.pdf
03.06.2026,GG240307,"Bandenmässiger Diebstahl Privatkläger 1. B._____, 2. C._____, 3. D._____, 4. E._",,0.0,https://www.gerichte-zh.ch/fileadmin/user_upload/entscheide/oeffentlich/GG240307-L1.pdf
03.06.2026,FK230045,"Obhut, Besuchsrecht, Unterhalt etc.",,0.0,https://www.gerichte-zh.ch/fileadmin/user_upload/entscheide/oeffentlich/FK230045-C5.pdf
03.06.2026,CG240019,Forderung,,0.0,https://www.gerichte-zh.ch/fileadmin/user_upload/entscheide/oeffentlich/CG240019-G5.pdf
03.06.2026,GG200023,Ehrverletzung (Revision),,0.0,https://www.gerichte-zh.ch/fileadmin/user_upload/entscheide/oeffentlich/GG200023-G3.pdf
27.05.2026,PS260135,Konkurseröffnung Beschwerde gegen ein Urteil des Einzelgerichtes des Bezirksgeri,,0.0,https://www.gerichte-zh.ch/fileadmin/user_upload/entscheide/oeffentlich/PS260135-O2.pdf
27.05.2026,GB260008,Drohung etc. / Einsprache gegen Strafbefehl bzw. nachträgliche Auferlegung von K,,0.0,https://www.gerichte-zh.ch/fileadmin/user_upload/entscheide/oeffentlich/GB260008-K2.pdf
27.05.2026,FV250018,Forderung,,0.0,https://www.gerichte-zh.ch/fileadmin/user_upload/entscheide/oeffentlich/FV250018-E4.pdf
27.05.2026,DA250005,Rückversetzung in den Strafvollzug nach Art. 89 Abs. 3 StGB i.V.m. Art. 95 Abs. ,,0.0,https://www.gerichte-zh.ch/fileadmin/user_upload/entscheide/oeffentlich/DA250005-K4.pdf
27.05.2026,DH250045,Qualifiziert grobe Verletzung der Verkehrsregeln und Widerruf,,0.0,https://www.gerichte-zh.ch/fileadmin/user_upload/entscheide/oeffentlich/DH250045-K1.pdf
27.05.2026,PS260045,Konkurseröffnung Beschwerde gegen ein Urteil des Konkursgerichtes des Bezirksger,,0.0,https://www.gerichte-zh.ch/fileadmin/user_upload/entscheide/oeffentlich/PS260045-O2.pdf
27.05.2026,RT260007,Rechtsöffnung Beschwerde gegen ein Urteil des Einzelgerichts am Bezirksgericht M,,0.0,https://www.gerichte-zh.ch/fileadmin/user_upload/entscheide/oeffentlich/RT260007-O2.pdf
27.05.2026,RA240015,arbeitsrechtliche Forderung (Sistierung) Beschwerde gegen eine Verfügung des Arb,,0.0,https://www.gerichte-zh.ch/fileadmin/user_upload/entscheide/oeffentlich/RA240015-O10.pdf
27.05.2026,DA250010,Stationäre therapeutische Massnahme gemäss Art. 59 StGB / Verlängerung der stati,,0.0,https://www.gerichte-zh.ch/fileadmin/user_upload/entscheide/oeffentlich/DA250010-K2.pdf
27.05.2026,RB250010,Stockwerkeigentum (Rechtsverweigerung) Beschwerde gegen einen Beschluss des Bezi,,0.0,https://www.gerichte-zh.ch/fileadmin/user_upload/entscheide/oeffentlich/RB250010-O4.pdf
27.05.2026,SB250184,mehrfache sexuelle Handlungen mit Kindern etc. Berufung gegen ein Urteil des Bez,,0.0,https://www.gerichte-zh.ch/fileadmin/user_upload/entscheide/oeffentlich/SB250184-O1.pdf
27.05.2026,SU250003,Übertretung von Verkehrsvorschriften Berufung gegen ein Urteil des Bezirksgerich,,0.0,https://www.gerichte-zh.ch/fileadmin/user_upload/entscheide/oeffentlich/SU250003-O1.pdf
27.05.2026,FE250245,Ehescheidung,,0.0,https://www.gerichte-zh.ch/fileadmin/user_upload/entscheide/oeffentlich/FE250245-F1.pdf
27.05.2026,EP250003,Bereinigung Personalien,,0.0,https://www.gerichte-zh.ch/fileadmin/user_upload/entscheide/oeffentlich/EP250003-E9.pdf
27.05.2026,RT250022,Rechtsöffnung Beschwerde gegen ein Urteil des Einzelgerichts Audienz am Bezirksg,,0.0,https://www.gerichte-zh.ch/fileadmin/user_upload/entscheide/oeffentlich/RT250022-O4.pdf
27.05.2026,DH250038,qualifiziert grobe Verletzung der Verkehrsregeln,,0.0,https://www.gerichte-zh.ch/fileadmin/user_upload/entscheide/oeffentlich/DH250038-K1.pdf
27.05.2026,FE240011,Ehescheidung auf Klage,,0.0,https://www.gerichte-zh.ch/fileadmin/user_upload/entscheide/oeffentlich/FE240011-D5.pdf
27.05.2026,SB250022,"Drohung etc. Berufung gegen ein Urteil des Bezirksgerichtes Zürich, 10. Abteilun",,0.0,https://www.gerichte-zh.ch/fileadmin/user_upload/entscheide/oeffentlich/SB250022-O1.pdf
27.05.2026,GB250011,Einsprache gegen Strafbefehl (Nötigung),,0.0,https://www.gerichte-zh.ch/fileadmin/user_upload/entscheide/oeffentlich/GB250011-I3.pdf
27.05.2026,SB240459,Gefährdung des Lebens etc. und Widerruf Berufung gegen ein Urteil des Bezirksger,,0.0,https://www.gerichte-zh.ch/fileadmin/user_upload/entscheide/oeffentlich/SB240459-O1.pdf
27.05.2026,AH250001,Forderung,,0.0,https://www.gerichte-zh.ch/fileadmin/user_upload/entscheide/oeffentlich/AH250001-E3.pdf
27.05.2026,DG250058,Raub etc. und Widerruf,,0.0,https://www.gerichte-zh.ch/fileadmin/user_upload/entscheide/oeffentlich/DG250058-L1.pdf
27.05.2026,FE230181,Ehescheidung,,0.0,https://www.gerichte-zh.ch/fileadmin/user_upload/entscheide/oeffentlich/FE230181-L21.pdf
27.05.2026,GG250041,"Raub etc. Privatkläger B._____,",,0.0,https://www.gerichte-zh.ch/fileadmin/user_upload/entscheide/oeffentlich/GG250041-L1.pdf
27.05.2026,GG250042,"Raub und Widerruf Privatkläger B._____,",,0.0,https://www.gerichte-zh.ch/fileadmin/user_upload/entscheide/oeffentlich/GG250042-L1.pdf
27.05.2026,EE240162,Eheschutz/Getrenntleben,,0.0,https://www.gerichte-zh.ch/fileadmin/user_upload/entscheide/oeffentlich/EE240162-L6.pdf
27.05.2026,GG240226,"Gewalt und Drohung gegen Behörden und Beamte etc. Privatkläger 1. B._____, 2. Am",,0.0,https://www.gerichte-zh.ch/fileadmin/user_upload/entscheide/oeffentlich/GG240226-L1.pdf
27.05.2026,FK230001,Kindesunterhalt und weitere Kinderbelange / vorsorgliche Mass- nahmen,,0.0,https://www.gerichte-zh.ch/fileadmin/user_upload/entscheide/oeffentlich/FK230001-F14.pdf
27.05.2026,CG230074,Forderung,,0.0,https://www.gerichte-zh.ch/fileadmin/user_upload/entscheide/oeffentlich/CG230074-L11.pdf
27.05.2026,GG240197,"Versuchte Nötigung etc. Privatklägerin B._____, vertreten durch Rechtsanwältin l",,0.0,https://www.gerichte-zh.ch/fileadmin/user_upload/entscheide/oeffentlich/GG240197-L3.pdf
27.05.2026,FP230012,Abänderung Scheidungsurteil,,0.0,https://www.gerichte-zh.ch/fileadmin/user_upload/entscheide/oeffentlich/FP230012-F7.pdf
27.05.2026,DG250026,mehrfache Nötigung etc. - Antrag auf Anordnung einer statio- nären Massnahme für,,0.0,https://www.gerichte-zh.ch/fileadmin/user_upload/entscheide/oeffentlich/DG250026-L1.pdf
27.05.2026,GG250022,Pornografie,,0.0,https://www.gerichte-zh.ch/fileadmin/user_upload/entscheide/oeffentlich/GG250022-L1.pdf
27.05.2026,GG240272,Mehrfache Pornografie etc.,,0.0,https://www.gerichte-zh.ch/fileadmin/user_upload/entscheide/oeffentlich/GG240272-L1.pdf
27.05.2026,GG250012,qualifiziert grobe Verletzung der Verkehrsregeln etc.,,0.0,https://www.gerichte-zh.ch/fileadmin/user_upload/entscheide/oeffentlich/GG250012-L1.pdf
27.05.2026,FE240408,Ergänzung Scheidungsurteil,,0.0,https://www.gerichte-zh.ch/fileadmin/user_upload/entscheide/oeffentlich/FE240408-K2.pdf
27.05.2026,EE210228,Eheschutz/Getrenntleben/Anordnung Gütertrennung,,0.0,https://www.gerichte-zh.ch/fileadmin/user_upload/entscheide/oeffentlich/EE210228-L14.pdf
27.05.2026,DG200029,"Gefährdung des Lebens etc. und Widerruf Privatkläger 1. Kanton Zürich, 2. Gemein",,0.0,https://www.gerichte-zh.ch/fileadmin/user_upload/entscheide/oeffentlich/DG200029-M2.pdf
27.05.2026,GG200004,"Ehrverletzung (üble Nachrede, Beschimpfung)",,0.0,https://www.gerichte-zh.ch/fileadmin/user_upload/entscheide/oeffentlich/GG200004-I2.pdf
27.05.2026,FV140049,Forderung,,0.0,https://www.gerichte-zh.ch/fileadmin/user_upload/entscheide/oeffentlich/FV140049-M4.pdf
20.05.2026,PQ260021,Beistandsperson in den Beistandschaften Beschwerde gegen einen Entscheid der Kam,,0.0,https://www.gerichte-zh.ch/fileadmin/user_upload/entscheide/oeffentlich/PQ260021-O1.pdf
20.05.2026,PS260104,Konkurseröffnung Beschwerde gegen ein Urteil des Einzelgerichtes des Bezirksgeri,,0.0,https://www.gerichte-zh.ch/fileadmin/user_upload/entscheide/oeffentlich/PS260104-O2.pdf
20.05.2026,PQ260002,Kindesschutzmassnahmen Beschwerde gegen einen Entscheid des Bezirksrates Dietiko,,0.0,https://www.gerichte-zh.ch/fileadmin/user_upload/entscheide/oeffentlich/PQ260002-O1.pdf
20.05.2026,SM240009,Anordnung einer stationären therapeutischen Massnahme (Nachverfahren) Berufung g,,0.0,https://www.gerichte-zh.ch/fileadmin/user_upload/entscheide/oeffentlich/SM240009-O1.pdf
13.05.2026,PS260066,Konkurseröffnung Beschwerde gegen ein Urteil des Konkursgerichtes des Bezirksger,,0.0,https://www.gerichte-zh.ch/fileadmin/user_upload/entscheide/oeffentlich/PS260066-O2.pdf
13.05.2026,HE250130,Organisationsmangel,,0.0,https://www.gerichte-zh.ch/fileadmin/user_upload/entscheide/oeffentlich/HE250130-O6.pdf
13.05.2026,LF250122,"Testamentseröffnung im Nachlass von C._____, geboren tt. August 1949, von Zürich",,0.0,https://www.gerichte-zh.ch/fileadmin/user_upload/entscheide/oeffentlich/LF250122-O1.pdf
13.05.2026,VB260004,Aufsichtsbeschwerde gegen den aufsichtsrechtlichen Beschwerdeentscheid des Bezir,,0.0,https://www.gerichte-zh.ch/fileadmin/user_upload/entscheide/oeffentlich/VB260004-O1.pdf
13.05.2026,HE250108,Gerichtliche Anordnung von Einsicht (Art. 697b OR),,0.0,https://www.gerichte-zh.ch/fileadmin/user_upload/entscheide/oeffentlich/HE250108-O5.pdf
13.05.2026,EE240147,Eheschutz/Getrenntleben weitere Verfahrensbeteiligte (gemeinsame Kinder): 1. C._,,0.0,https://www.gerichte-zh.ch/fileadmin/user_upload/entscheide/oeffentlich/EE240147-L15.pdf
13.05.2026,DG240035,Diebstahl etc.,,0.0,https://www.gerichte-zh.ch/fileadmin/user_upload/entscheide/oeffentlich/DG240035-M5.pdf
13.05.2026,DG240050,Verbrechen gegen das Betäubungsmittelgesetz etc. und Widerruf,,0.0,https://www.gerichte-zh.ch/fileadmin/user_upload/entscheide/oeffentlich/DG240050-L10.pdf
13.05.2026,DG240009,Qualifizierte grobe Verletzung der Verkehrsregeln etc.,,0.0,https://www.gerichte-zh.ch/fileadmin/user_upload/entscheide/oeffentlich/DG240009-F2.pdf
13.05.2026,EP240021,Bereinigung des Zivilstandsregisters,,0.0,https://www.gerichte-zh.ch/fileadmin/user_upload/entscheide/oeffentlich/EP240021-L4.pdf
13.05.2026,EE220282,Eheschutz/Getrenntleben,,0.0,https://www.gerichte-zh.ch/fileadmin/user_upload/entscheide/oeffentlich/EE220282-L3.pdf
13.05.2026,EE240218,Eheschutz/Getrenntleben,,0.0,https://www.gerichte-zh.ch/fileadmin/user_upload/entscheide/oeffentlich/EE240218-L2.pdf
13.05.2026,GG240270,Verbrechen gegen das Betäubungsmittelgesetz etc.,,0.0,https://www.gerichte-zh.ch/fileadmin/user_upload/entscheide/oeffentlich/GG240270-L1.pdf
13.05.2026,GG230004,Gewalt und Drohung gegen Behörden und Beamte,,0.0,https://www.gerichte-zh.ch/fileadmin/user_upload/entscheide/oeffentlich/GG230004-M4.pdf
06.05.2026,PS260067,Konkurseröffnung Beschwerde gegen ein Urteil des Konkursgerichtes des Bezirksger,,0.0,https://www.gerichte-zh.ch/fileadmin/user_upload/entscheide/oeffentlich/PS260067-O2.pdf
06.05.2026,PS260056,Konkurseröffnung Beschwerde gegen ein Urteil des Einzelgerichtes im summarischen,,0.0,https://www.gerichte-zh.ch/fileadmin/user_upload/entscheide/oeffentlich/PS260056-O2.pdf
06.05.2026,VV260003,Umteilung Prozess Nr. MO260057-L des Bezirksgerichts Zürich in Sachen A._____ ge,,0.0,https://www.gerichte-zh.ch/fileadmin/user_upload/entscheide/oeffentlich/VV260003-O2.pdf
06.05.2026,RU260006,Forderung (Rechtsverweigerung / Prozesskosten) Beschwerde gegen eine Klagebewill,,0.0,https://www.gerichte-zh.ch/fileadmin/user_upload/entscheide/oeffentlich/RU260006-O1.pdf
06.05.2026,PQ250072,Genehmigung der Rechenschaftsberichte in der Beistandschaft nach Art. 308 Abs. 1,,0.0,https://www.gerichte-zh.ch/fileadmin/user_upload/entscheide/oeffentlich/PQ250072-O2.pdf
06.05.2026,FP250012,Abänderung des Scheidungsurteils,,0.0,https://www.gerichte-zh.ch/fileadmin/user_upload/entscheide/oeffentlich/FP250012-D7.pdf
06.05.2026,RB250011,Stockwerkeigentum (Rechtsverweigerung) Beschwerde gegen einen Beschluss des Bezi,,0.0,https://www.gerichte-zh.ch/fileadmin/user_upload/entscheide/oeffentlich/RB250011-O4.pdf
06.05.2026,LZ250019,Kinderbelange (vorsorgliche Massnahmen) Berufung gegen eine Verfügung des Einzel,,0.0,https://www.gerichte-zh.ch/fileadmin/user_upload/entscheide/oeffentlich/LZ250019-O9.pdf
06.05.2026,SB250227,versuchte sexuelle Handlungen mit Kindern Berufung gegen ein Urteil des Bezirksg,,0.0,https://www.gerichte-zh.ch/fileadmin/user_upload/entscheide/oeffentlich/SB250227-O1.pdf
06.05.2026,SB250108,"Pornografie etc. Berufung gegen ein Urteil des Bezirksgerichtes Dielsdorf, Straf",,0.0,https://www.gerichte-zh.ch/fileadmin/user_upload/entscheide/oeffentlich/SB250108-O1.pdf
06.05.2026,HG200100,Forderung,,0.0,https://www.gerichte-zh.ch/fileadmin/user_upload/entscheide/oeffentlich/HG200100-O21.pdf
06.05.2026,SB240399,versuchte vorsätzliche Tötung etc. Berufung gegen ein Urteil des Bezirksgerichts,,0.0,https://www.gerichte-zh.ch/fileadmin/user_upload/entscheide/oeffentlich/SB240399-O1.pdf
06.05.2026,GB250046,Hausfriedensbruch etc. / Einsprache gegen den Strafbefehl der Staatsanwaltschaft,,0.0,https://www.gerichte-zh.ch/fileadmin/user_upload/entscheide/oeffentlich/GB250046-L1.pdf
06.05.2026,AH250001,Forderung (Arbeitsrecht),,0.0,https://www.gerichte-zh.ch/fileadmin/user_upload/entscheide/oeffentlich/AH250001-I3.pdf
06.05.2026,EE230073,Eheschutz,,0.0,https://www.gerichte-zh.ch/fileadmin/user_upload/entscheide/oeffentlich/EE230073-M16.pdf
29.04.2026,DH260004,qualifiziert grobe Verletzung der Verkehrsregeln (abgekürztes Verfahren),,0.0,https://www.gerichte-zh.ch/fileadmin/user_upload/entscheide/oeffentlich/DH260004-F1.pdf
29.04.2026,PS260001,Konkurseröffnung Beschwerde gegen ein Urteil des Einzelgerichtes in Konkurssache,,0.0,https://www.gerichte-zh.ch/fileadmin/user_upload/entscheide/oeffentlich/PS260001-O2.pdf
29.04.2026,LE250035,Eheschutz (vorsorgliche Massnahmen),,0.0,https://www.gerichte-zh.ch/fileadmin/user_upload/entscheide/oeffentlich/LE250035-O12.pdf
29.04.2026,SB250167,mehrfache qualifizierte Widerhandlung gegen das Betäubungsmit- telgesetz etc. Be,,0.0,https://www.gerichte-zh.ch/fileadmin/user_upload/entscheide/oeffentlich/SB250167-O1.pdf
29.04.2026,SM250009,Änderung der Massnahme (Nachverfahren) Berufung gegen ein Urteil des Bezirksgeri,,0.0,https://www.gerichte-zh.ch/fileadmin/user_upload/entscheide/oeffentlich/SM250009-O1.pdf
29.04.2026,SB220270,mehrfaches Verbrechen gegen das Betäubungsmittelgesetz etc. Berufung gegen ein U,,0.0,https://www.gerichte-zh.ch/fileadmin/user_upload/entscheide/oeffentlich/SB220270-O1.pdf
29.04.2026,PC250044,Ehescheidung (unentgeltliche Rechtspflege) Beschwerde gegen eine Verfügung des E,,0.0,https://www.gerichte-zh.ch/fileadmin/user_upload/entscheide/oeffentlich/PC250044-O2.pdf
29.04.2026,SB250008,einfache Körperverletzung etc. Berufung gegen ein Urteil des Bezirksgerichtes Zü,,0.0,https://www.gerichte-zh.ch/fileadmin/user_upload/entscheide/oeffentlich/SB250008-O1.pdf
29.04.2026,EE230050,Abänderung Eheschutz,,0.0,https://www.gerichte-zh.ch/fileadmin/user_upload/entscheide/oeffentlich/EE230050-F1.pdf
29.04.2026,FE210220,Ehescheidung,,0.0,https://www.gerichte-zh.ch/fileadmin/user_upload/entscheide/oeffentlich/FE210220-M20.pdf
22.04.2026,PS260092,Konkurseröffnung Beschwerde gegen ein Urteil des Konkursgerichtes des Bezirksger,,0.0,https://www.gerichte-zh.ch/fileadmin/user_upload/entscheide/oeffentlich/PS260092-O2.pdf
22.04.2026,PS260038,Konkurseröffnung Beschwerde gegen ein Urteil des Konkursgerichtes des Bezirksger,,0.0,https://www.gerichte-zh.ch/fileadmin/user_upload/entscheide/oeffentlich/PS260038-O2.pdf
22.04.2026,VV260002,Umteilung Prozess Nr. MO260056-L des Bezirksgerichts Zürich in Sachen A._____ un,,0.0,https://www.gerichte-zh.ch/fileadmin/user_upload/entscheide/oeffentlich/VV260002-O2.pdf
22.04.2026,VV260006,Umteilung Verfahren des Bezirksgerichts C._____ in Sachen A._____ GmbH gegen B._,,0.0,https://www.gerichte-zh.ch/fileadmin/user_upload/entscheide/oeffentlich/VV260006-O1.pdf
22.04.2026,RZ250012,Unterhalt und Kinderbelange (Ausstand) Beschwerde gegen eine Verfügung des Einze,,0.0,https://www.gerichte-zh.ch/fileadmin/user_upload/entscheide/oeffentlich/RZ250012-O5.pdf
22.04.2026,RT250235,Rechtsöffnung Beschwerde gegen eine Verfügung und ein Urteil des Einzelgerichts ,,0.0,https://www.gerichte-zh.ch/fileadmin/user_upload/entscheide/oeffentlich/RT250235-O2.pdf
22.04.2026,PS250404,verspäteter Rechtsvorschlag (Beschwerde über das Betreibungsamt Fällanden) Besch,,0.0,https://www.gerichte-zh.ch/fileadmin/user_upload/entscheide/oeffentlich/PS250404-O2.pdf
22.04.2026,FE250223,Ehescheidung,,0.0,https://www.gerichte-zh.ch/fileadmin/user_upload/entscheide/oeffentlich/FE250223-F1.pdf
22.04.2026,FE250268,Ehescheidung,,0.0,https://www.gerichte-zh.ch/fileadmin/user_upload/entscheide/oeffentlich/FE250268-F1.pdf
22.04.2026,FE250235,Ehescheidung,,0.0,https://www.gerichte-zh.ch/fileadmin/user_upload/entscheide/oeffentlich/FE250235-F1.pdf
22.04.2026,LF250123,Organisationsmangel Berufung gegen ein Urteil des Einzelgerichtes summarisches V,,0.0,https://www.gerichte-zh.ch/fileadmin/user_upload/entscheide/oeffentlich/LF250123-O2.pdf
22.04.2026,LA250007,arbeitsrechtliche Forderung Berufung gegen ein Urteil des Arbeitsgerichtes Bülac,,0.0,https://www.gerichte-zh.ch/fileadmin/user_upload/entscheide/oeffentlich/LA250007-O2.pdf
22.04.2026,LY250034,Ehescheidung (vorsorgliche Massnahmen) Berufung gegen eine Verfügung des Einzelg,,0.0,https://www.gerichte-zh.ch/fileadmin/user_upload/entscheide/oeffentlich/LY250034-O3.pdf
22.04.2026,RT250175,Rechtsöffnung Beschwerde gegen eine Verfügung des Einzelgerichts Audienz am Bezi,,0.0,https://www.gerichte-zh.ch/fileadmin/user_upload/entscheide/oeffentlich/RT250175-O4.pdf
22.04.2026,DG250034,sexuelle Nötigung (Anklage) sowie Gefährdung des Lebens etc. (Antrag stationäre ,,0.0,https://www.gerichte-zh.ch/fileadmin/user_upload/entscheide/oeffentlich/DG250034-L3.pdf
22.04.2026,FE180357,Ehescheidung,,0.0,https://www.gerichte-zh.ch/fileadmin/user_upload/entscheide/oeffentlich/FE180357-K38.pdf
22.04.2026,GG240100,"Drohung, Beschimpfung, Ungehorsam gegen amtliche Verfügungen Privatklägerinnen 1",,0.0,https://www.gerichte-zh.ch/fileadmin/user_upload/entscheide/oeffentlich/GG240100-K8.pdf
22.04.2026,GG240081,"Versuchte Tötung etc. Privatkläger B._____,",,0.0,https://www.gerichte-zh.ch/fileadmin/user_upload/entscheide/oeffentlich/GG240081-L1.pdf
15.04.2026,PS260084,Konkurseröffnung Beschwerde gegen ein Urteil des Konkursgerichtes des Bezirksger,,0.0,https://www.gerichte-zh.ch/fileadmin/user_upload/entscheide/oeffentlich/PS260084-O2.pdf
15.04.2026,PS260089,Konkurseröffnung Beschwerde gegen ein Urteil des Konkursgerichtes des Bezirksger,,0.0,https://www.gerichte-zh.ch/fileadmin/user_upload/entscheide/oeffentlich/PS260089-O1.pdf
15.04.2026,VW260002,Kostenerlass,,0.0,https://www.gerichte-zh.ch/fileadmin/user_upload/entscheide/oeffentlich/VW260002-O2.pdf
15.04.2026,PC250054,Ehescheidung (unentgeltliche Rechtsvertretung) Beschwerde gegen eine Verfügung d,,0.0,https://www.gerichte-zh.ch/fileadmin/user_upload/entscheide/oeffentlich/PC250054-O2.pdf
15.04.2026,LF250102,"Testamentseröffnung im Nachlass von D._____ geb. E._____, geboren am tt. Dezembe",,0.0,https://www.gerichte-zh.ch/fileadmin/user_upload/entscheide/oeffentlich/LF250102-O2.pdf
15.04.2026,RT250148,Rechtsöffnung Beschwerde gegen ein Urteil des Einzelgerichts Audienz am Bezirksg,,0.0,https://www.gerichte-zh.ch/fileadmin/user_upload/entscheide/oeffentlich/RT250148-O3.pdf
15.04.2026,RT250196,Rechtsöffnung Beschwerde gegen ein Urteil des Einzelgerichts am Bezirksgericht H,,0.0,https://www.gerichte-zh.ch/fileadmin/user_upload/entscheide/oeffentlich/RT250196-O3.pdf
15.04.2026,SB240442,versuchte vorsätzliche Tötung etc. und Widerruf (Rückweisung des Schweizerischen,,0.0,https://www.gerichte-zh.ch/fileadmin/user_upload/entscheide/oeffentlich/SB240442-O2.pdf
15.04.2026,RT250201,Rechtsöffnung Beschwerde gegen ein Urteil des Einzelgerichts am Bezirksgericht B,,0.0,https://www.gerichte-zh.ch/fileadmin/user_upload/entscheide/oeffentlich/RT250201-O2.pdf
15.04.2026,SB230241,"Dispositivziffer 6) in Sachen Staatsanwaltschaft I des Kantons Zürich, Anklägeri",,0.0,https://www.gerichte-zh.ch/fileadmin/user_upload/entscheide/oeffentlich/SB230241-O1.pdf
15.04.2026,DG230002,"versuchte vorsätzliche Tötung etc./Widerruf Privatklägerin B._____, vertreten du",,0.0,https://www.gerichte-zh.ch/fileadmin/user_upload/entscheide/oeffentlich/DG230002-D10.pdf
15.04.2026,DG190334,"qualifizierte sexuelle Nötigung etc. und Widerruf Privatkläger 1. B._____ AG, 2.",,0.0,https://www.gerichte-zh.ch/fileadmin/user_upload/entscheide/oeffentlich/DG190334-L1.pdf
01.04.2026,PS250345,Überschuldungsanzeige Beschwerde gegen ein Urteil des Einzelgerichtes des Bezirk,,0.0,https://www.gerichte-zh.ch/fileadmin/user_upload/entscheide/oeffentlich/PS250345-O4.pdf
01.04.2026,PS250428,Konkurseröffnung Beschwerde gegen ein Urteil des Konkursgerichtes des Bezirksger,,0.0,https://www.gerichte-zh.ch/fileadmin/user_upload/entscheide/oeffentlich/PS250428-O3.pdf
01.04.2026,RA240017,Forderung (Kostenvorschuss) Beschwerde gegen eine Verfügung des Einzelgerichts a,,0.0,https://www.gerichte-zh.ch/fileadmin/user_upload/entscheide/oeffentlich/RA240017-O3.pdf
01.04.2026,LY250027,Ehescheidung auf Klage (vorsorgliche Massnahmen),,0.0,https://www.gerichte-zh.ch/fileadmin/user_upload/entscheide/oeffentlich/LY250027-O2.pdf
01.04.2026,RZ250008,Abänderung Unterhalt (unentgeltliche Rechtspflege) Beschwerde gegen eine Verfügu,,0.0,https://www.gerichte-zh.ch/fileadmin/user_upload/entscheide/oeffentlich/RZ250008-O2.pdf
01.04.2026,PS250416,Konkurseröffnung Beschwerde gegen ein Urteil des Konkursgerichtes des Bezirksger,,0.0,https://www.gerichte-zh.ch/fileadmin/user_upload/entscheide/oeffentlich/PS250416-O2.pdf
01.04.2026,LE250058,Eheschutz (superprovisorische vorsorgliche Massnahmen) Berufung gegen eine Verfü,,0.0,https://www.gerichte-zh.ch/fileadmin/user_upload/entscheide/oeffentlich/LE250058-O1.pdf
01.04.2026,RT250140,Rechtsöffnung (Fristansetzung) Beschwerde gegen eine Verfügung des Einzelgericht,,0.0,https://www.gerichte-zh.ch/fileadmin/user_upload/entscheide/oeffentlich/RT250140-O3.pdf
01.04.2026,SB250350,Gewalt und Drohung gegen Behörden und Beamte etc. Berufung gegen ein Urteil des ,,0.0,https://www.gerichte-zh.ch/fileadmin/user_upload/entscheide/oeffentlich/SB250350-O1.pdf
01.04.2026,LE240027,Eheschutz (vorsorgliche Massnahmen) Berufung gegen eine Verfügung des Einzelgeri,,0.0,https://www.gerichte-zh.ch/fileadmin/user_upload/entscheide/oeffentlich/LE240027-O20.pdf
01.04.2026,LE250014,Eheschutz Berufung gegen ein Urteil des Einzelgerichts am Bezirksgericht Horgen ,,0.0,https://www.gerichte-zh.ch/fileadmin/user_upload/entscheide/oeffentlich/LE250014-O6.pdf
01.04.2026,LB240020,"Forderung Berufung gegen ein Urteil des Bezirksgerichts Zürich, 3. Abteilung, vo",,0.0,https://www.gerichte-zh.ch/fileadmin/user_upload/entscheide/oeffentlich/LB240020-O4.pdf
01.04.2026,SB230242,schwere Körperverletzung etc.,,0.0,https://www.gerichte-zh.ch/fileadmin/user_upload/entscheide/oeffentlich/SB230242-O1.pdf
01.04.2026,FE230114,Scheidung auf Klage,,0.0,https://www.gerichte-zh.ch/fileadmin/user_upload/entscheide/oeffentlich/FE230114-A8.pdf
